country_code,year,indicator_id,indicator_name,value
AR,2011,FX.OWN.TOTL.ZS,account_ownership_pct_adult,33.1302169855518
AR,2014,FX.OWN.TOTL.ZS,account_ownership_pct_adult,50.1972944916064
AR,2017,FX.OWN.TOTL.ZS,account_ownership_pct_adult,48.7084867377005
AR,2021,FX.OWN.TOTL.ZS,account_ownership_pct_adult,71.6270859300586
AR,2024,FX.OWN.TOTL.ZS,account_ownership_pct_adult,81.7442446865007
AR,2010,BX.KLT.DINV.WD.GD.ZS,fdi_inflow_pct_gdp,2.67516171886535
AR,2011,BX.KLT.DINV.WD.GD.ZS,fdi_inflow_pct_gdp,2.04465997872008
AR,2012,BX.KLT.DINV.WD.GD.ZS,fdi_inflow_pct_gdp,2.80667189982932
AR,2013,BX.KLT.DINV.WD.GD.ZS,fdi_inflow_pct_gdp,1.77920553648531
AR,2014,BX.KLT.DINV.WD.GD.ZS,fdi_inflow_pct_gdp,0.962406650325519
AR,2015,BX.KLT.DINV.WD.GD.ZS,fdi_inflow_pct_gdp,1.97713461784426
AR,2016,BX.KLT.DINV.WD.GD.ZS,fdi_inflow_pct_gdp,0.584748941173009
AR,2017,BX.KLT.DINV.WD.GD.ZS,fdi_inflow_pct_gdp,1.78936504083806
AR,2018,BX.KLT.DINV.WD.GD.ZS,fdi_inflow_pct_gdp,2.23253157689253
AR,2019,BX.KLT.DINV.WD.GD.ZS,fdi_inflow_pct_gdp,1.48500687570697
AR,2020,BX.KLT.DINV.WD.GD.ZS,fdi_inflow_pct_gdp,1.26616924308721
AR,2021,BX.KLT.DINV.WD.GD.ZS,fdi_inflow_pct_gdp,1.36838083162438
AR,2022,BX.KLT.DINV.WD.GD.ZS,fdi_inflow_pct_gdp,2.3984601182853
AR,2023,BX.KLT.DINV.WD.GD.ZS,fdi_inflow_pct_gdp,3.81190879856952
AR,2024,BX.KLT.DINV.WD.GD.ZS,fdi_inflow_pct_gdp,1.82409522925391
AR,2010,NY.GDP.PCAP.CD,gdp_per_capita_usd,10260.1313108254
AR,2011,NY.GDP.PCAP.CD,gdp_per_capita_usd,12704.2831819684
AR,2012,NY.GDP.PCAP.CD,gdp_per_capita_usd,12949.717486654
AR,2013,NY.GDP.PCAP.CD,gdp_per_capita_usd,12963.675773326
AR,2014,NY.GDP.PCAP.CD,gdp_per_capita_usd,12233.1444119186
AR,2015,NY.GDP.PCAP.CD,gdp_per_capita_usd,13679.6264980954
AR,2016,NY.GDP.PCAP.CD,gdp_per_capita_usd,12699.9623137756
AR,2017,NY.GDP.PCAP.CD,gdp_per_capita_usd,14532.5009308511
AR,2018,NY.GDP.PCAP.CD,gdp_per_capita_usd,11752.7998922979
AR,2019,NY.GDP.PCAP.CD,gdp_per_capita_usd,9955.97478680428
AR,2020,NY.GDP.PCAP.CD,gdp_per_capita_usd,8535.59938004389
AR,2021,NY.GDP.PCAP.CD,gdp_per_capita_usd,10738.0179223384
AR,2022,NY.GDP.PCAP.CD,gdp_per_capita_usd,13962.1894087223
AR,2023,NY.GDP.PCAP.CD,gdp_per_capita_usd,14261.8465667948
AR,2024,NY.GDP.PCAP.CD,gdp_per_capita_usd,13969.7836603737
AR,2010,IT.NET.USER.ZS,internet_users_pct,45.0
AR,2011,IT.NET.USER.ZS,internet_users_pct,51.0
AR,2012,IT.NET.USER.ZS,internet_users_pct,55.79999924
AR,2013,IT.NET.USER.ZS,internet_users_pct,59.90000153
AR,2014,IT.NET.USER.ZS,internet_users_pct,64.69999695
AR,2015,IT.NET.USER.ZS,internet_users_pct,68.0430641088122
AR,2016,IT.NET.USER.ZS,internet_users_pct,70.9689808206024
AR,2017,IT.NET.USER.ZS,internet_users_pct,74.2949068657957
AR,2018,IT.NET.USER.ZS,internet_users_pct,77.7
AR,2019,IT.NET.USER.ZS,internet_users_pct,79.9469520347551
AR,2020,IT.NET.USER.ZS,internet_users_pct,85.51438646
AR,2021,IT.NET.USER.ZS,internet_users_pct,87.15070683
AR,2022,IT.NET.USER.ZS,internet_users_pct,88.37535691
AR,2023,IT.NET.USER.ZS,internet_users_pct,89.22897166
AR,2024,IT.NET.USER.ZS,internet_users_pct,89.66715228
AR,2010,IT.CEL.SETS.P2,mobile_subs_per_100,138.251643415992
AR,2011,IT.CEL.SETS.P2,mobile_subs_per_100,145.511067881505
AR,2012,IT.CEL.SETS.P2,mobile_subs_per_100,152.573579717014
AR,2013,IT.CEL.SETS.P2,mobile_subs_per_100,158.190773641398
AR,2014,IT.CEL.SETS.P2,mobile_subs_per_100,142.325481008062
AR,2015,IT.CEL.SETS.P2,mobile_subs_per_100,142.240711022183
AR,2016,IT.CEL.SETS.P2,mobile_subs_per_100,145.146584717972
AR,2017,IT.CEL.SETS.P2,mobile_subs_per_100,139.758240519621
AR,2018,IT.CEL.SETS.P2,mobile_subs_per_100,131.224265691711
AR,2019,IT.CEL.SETS.P2,mobile_subs_per_100,125.302657911726
AR,2020,IT.CEL.SETS.P2,mobile_subs_per_100,121.180612527028
AR,2021,IT.CEL.SETS.P2,mobile_subs_per_100,130.352799939601
AR,2022,IT.CEL.SETS.P2,mobile_subs_per_100,131.483556254876
AR,2023,IT.CEL.SETS.P2,mobile_subs_per_100,137.706086781571
AR,2024,IT.CEL.SETS.P2,mobile_subs_per_100,140.234979049333
AR,2010,SP.POP.TOTL,population_total,41288694.0
AR,2011,SP.POP.TOTL,population_total,41730660.0
AR,2012,SP.POP.TOTL,population_total,42161721.0
AR,2013,SP.POP.TOTL,population_total,42582455.0
AR,2014,SP.POP.TOTL,population_total,43024071.0
AR,2015,SP.POP.TOTL,population_total,43477012.0
AR,2016,SP.POP.TOTL,population_total,43900313.0
AR,2017,SP.POP.TOTL,population_total,44288894.0
AR,2018,SP.POP.TOTL,population_total,44654882.0
AR,2019,SP.POP.TOTL,population_total,44973465.0
AR,2020,SP.POP.TOTL,population_total,45191965.0
AR,2021,SP.POP.TOTL,population_total,45312281.0
AR,2022,SP.POP.TOTL,population_total,45407904.0
AR,2023,SP.POP.TOTL,population_total,45538401.0
AR,2024,SP.POP.TOTL,population_total,45696159.0
AR,2010,SP.URB.TOTL.IN.ZS,urban_population_pct,90.9930051940977
AR,2011,SP.URB.TOTL.IN.ZS,urban_population_pct,91.1072286738406
AR,2012,SP.URB.TOTL.IN.ZS,urban_population_pct,91.2041217246797
AR,2013,SP.URB.TOTL.IN.ZS,urban_population_pct,91.3014507719473
AR,2014,SP.URB.TOTL.IN.ZS,urban_population_pct,91.3975345472954
AR,2015,SP.URB.TOTL.IN.ZS,urban_population_pct,91.4923019108628
AR,2016,SP.URB.TOTL.IN.ZS,urban_population_pct,91.5856817228217
AR,2017,SP.URB.TOTL.IN.ZS,urban_population_pct,91.6776028433824
AR,2018,SP.URB.TOTL.IN.ZS,urban_population_pct,91.7679941327998
AR,2019,SP.URB.TOTL.IN.ZS,urban_population_pct,91.8567844513802
AR,2020,SP.URB.TOTL.IN.ZS,urban_population_pct,91.9439026594897
AR,2021,SP.URB.TOTL.IN.ZS,urban_population_pct,92.0292776175651
AR,2022,SP.URB.TOTL.IN.ZS,urban_population_pct,92.112838186126
AR,2023,SP.URB.TOTL.IN.ZS,urban_population_pct,92.1945132257907
AR,2024,SP.URB.TOTL.IN.ZS,urban_population_pct,92.2742315972952
BR,2011,FX.OWN.TOTL.ZS,account_ownership_pct_adult,55.860384771673
BR,2014,FX.OWN.TOTL.ZS,account_ownership_pct_adult,68.123158518616
BR,2017,FX.OWN.TOTL.ZS,account_ownership_pct_adult,70.0439481477435
BR,2021,FX.OWN.TOTL.ZS,account_ownership_pct_adult,84.0357458977852
BR,2024,FX.OWN.TOTL.ZS,account_ownership_pct_adult,86.3811782311541
BR,2010,BX.KLT.DINV.WD.GD.ZS,fdi_inflow_pct_gdp,3.73001226987179
BR,2011,BX.KLT.DINV.WD.GD.ZS,fdi_inflow_pct_gdp,3.91517954138648
BR,2012,BX.KLT.DINV.WD.GD.ZS,fdi_inflow_pct_gdp,3.75496210868766
BR,2013,BX.KLT.DINV.WD.GD.ZS,fdi_inflow_pct_gdp,3.04150922966082
BR,2014,BX.KLT.DINV.WD.GD.ZS,fdi_inflow_pct_gdp,3.57135261310663
BR,2015,BX.KLT.DINV.WD.GD.ZS,fdi_inflow_pct_gdp,3.59214973121732
BR,2016,BX.KLT.DINV.WD.GD.ZS,fdi_inflow_pct_gdp,4.13737853830264
BR,2017,BX.KLT.DINV.WD.GD.ZS,fdi_inflow_pct_gdp,3.33826028420938
BR,2018,BX.KLT.DINV.WD.GD.ZS,fdi_inflow_pct_gdp,4.07858861807831
BR,2019,BX.KLT.DINV.WD.GD.ZS,fdi_inflow_pct_gdp,3.69267330426814
BR,2020,BX.KLT.DINV.WD.GD.ZS,fdi_inflow_pct_gdp,2.59263784624068
BR,2021,BX.KLT.DINV.WD.GD.ZS,fdi_inflow_pct_gdp,2.77979074096507
BR,2022,BX.KLT.DINV.WD.GD.ZS,fdi_inflow_pct_gdp,3.86803201499441
BR,2023,BX.KLT.DINV.WD.GD.ZS,fdi_inflow_pct_gdp,2.86383330702497
BR,2024,BX.KLT.DINV.WD.GD.ZS,fdi_inflow_pct_gdp,3.38960802616211
BR,2010,NY.GDP.PCAP.CD,gdp_per_capita_usd,11403.2840038694
BR,2011,NY.GDP.PCAP.CD,gdp_per_capita_usd,13396.6263158041
BR,2012,NY.GDP.PCAP.CD,gdp_per_capita_usd,12521.7238454434
BR,2013,NY.GDP.PCAP.CD,gdp_per_capita_usd,12458.8903396625
BR,2014,NY.GDP.PCAP.CD,gdp_per_capita_usd,12274.9941630213
BR,2015,NY.GDP.PCAP.CD,gdp_per_capita_usd,8936.1955889444
BR,2016,NY.GDP.PCAP.CD,gdp_per_capita_usd,8836.28546025694
BR,2017,NY.GDP.PCAP.CD,gdp_per_capita_usd,10080.5078722821
BR,2018,NY.GDP.PCAP.CD,gdp_per_capita_usd,9300.66072904004
BR,2019,NY.GDP.PCAP.CD,gdp_per_capita_usd,9029.83304401079
BR,2020,NY.GDP.PCAP.CD,gdp_per_capita_usd,7074.19407495707
BR,2021,NY.GDP.PCAP.CD,gdp_per_capita_usd,7972.53696080695
BR,2022,NY.GDP.PCAP.CD,gdp_per_capita_usd,9281.33282136864
BR,2023,NY.GDP.PCAP.CD,gdp_per_capita_usd,10377.5897719195
BR,2024,NY.GDP.PCAP.CD,gdp_per_capita_usd,10310.5488778166
BR,2010,NY.GDP.MKTP.CD,gdp_total_usd,2208838108484.35
BR,2011,NY.GDP.MKTP.CD,gdp_total_usd,2616156606579.21
BR,2012,NY.GDP.MKTP.CD,gdp_total_usd,2465228293706.86
BR,2013,NY.GDP.MKTP.CD,gdp_total_usd,2472819362043.74
BR,2014,NY.GDP.MKTP.CD,gdp_total_usd,2456043766032.38
BR,2015,NY.GDP.MKTP.CD,gdp_total_usd,1802211999456.42
BR,2016,NY.GDP.MKTP.CD,gdp_total_usd,1795693265999.04
BR,2017,NY.GDP.MKTP.CD,gdp_total_usd,2063514688805.78
BR,2018,NY.GDP.MKTP.CD,gdp_total_usd,1916933708352.71
BR,2019,NY.GDP.MKTP.CD,gdp_total_usd,1873288158838.63
BR,2020,NY.GDP.MKTP.CD,gdp_total_usd,1476107292151.95
BR,2021,NY.GDP.MKTP.CD,gdp_total_usd,1670647464062.96
BR,2022,NY.GDP.MKTP.CD,gdp_total_usd,1951923832083.87
BR,2023,NY.GDP.MKTP.CD,gdp_total_usd,2191131869706.02
BR,2024,NY.GDP.MKTP.CD,gdp_total_usd,2185821648943.86
BR,2010,IT.NET.USER.ZS,internet_users_pct,40.65
BR,2011,IT.NET.USER.ZS,internet_users_pct,45.69
BR,2012,IT.NET.USER.ZS,internet_users_pct,48.56
BR,2013,IT.NET.USER.ZS,internet_users_pct,51.04
BR,2014,IT.NET.USER.ZS,internet_users_pct,54.5510018796392
BR,2015,IT.NET.USER.ZS,internet_users_pct,58.3279517340924
BR,2016,IT.NET.USER.ZS,internet_users_pct,60.8725400681261
BR,2017,IT.NET.USER.ZS,internet_users_pct,67.4712845236305
BR,2018,IT.NET.USER.ZS,internet_users_pct,70.4342825404361
BR,2019,IT.NET.USER.ZS,internet_users_pct,73.9124399133589
BR,2020,IT.NET.USER.ZS,internet_users_pct,81.34269353
BR,2021,IT.NET.USER.ZS,internet_users_pct,80.68989314
BR,2022,IT.NET.USER.ZS,internet_users_pct,80.52775094
BR,2023,IT.NET.USER.ZS,internet_users_pct,84.15060238
BR,2024,IT.NET.USER.ZS,internet_users_pct,84.46347227
BR,2010,IT.CEL.SETS.P2,mobile_subs_per_100,101.666503279892
BR,2011,IT.CEL.SETS.P2,mobile_subs_per_100,120.008104166504
BR,2012,IT.CEL.SETS.P2,mobile_subs_per_100,126.131962754994
BR,2013,IT.CEL.SETS.P2,mobile_subs_per_100,136.589138644321
BR,2014,IT.CEL.SETS.P2,mobile_subs_per_100,140.304679417776
BR,2015,IT.CEL.SETS.P2,mobile_subs_per_100,127.83616904008
BR,2016,IT.CEL.SETS.P2,mobile_subs_per_100,120.101181531485
BR,2017,IT.CEL.SETS.P2,mobile_subs_per_100,108.092570205646
BR,2018,IT.CEL.SETS.P2,mobile_subs_per_100,101.602460284017
BR,2019,IT.CEL.SETS.P2,mobile_subs_per_100,97.3747376780285
BR,2020,IT.CEL.SETS.P2,mobile_subs_per_100,98.6456198619193
BR,2021,IT.CEL.SETS.P2,mobile_subs_per_100,104.824727184587
BR,2022,IT.CEL.SETS.P2,mobile_subs_per_100,101.245468903076
BR,2023,IT.CEL.SETS.P2,mobile_subs_per_100,101.020256020808
BR,2024,IT.CEL.SETS.P2,mobile_subs_per_100,101.926846460424
BR,2010,SP.POP.TOTL,population_total,193701929.0
BR,2011,SP.POP.TOTL,population_total,195284734.0
BR,2012,SP.POP.TOTL,population_total,196876111.0
BR,2013,SP.POP.TOTL,population_total,198478299.0
BR,2014,SP.POP.TOTL,population_total,200085127.0
BR,2015,SP.POP.TOTL,population_total,201675532.0
BR,2016,SP.POP.TOTL,population_total,203218114.0
BR,2017,SP.POP.TOTL,population_total,204703445.0
BR,2018,SP.POP.TOTL,population_total,206107261.0
BR,2019,SP.POP.TOTL,population_total,207455459.0
BR,2020,SP.POP.TOTL,population_total,208660842.0
BR,2021,SP.POP.TOTL,population_total,209550294.0
BR,2022,SP.POP.TOTL,population_total,210306415.0
BR,2023,SP.POP.TOTL,population_total,211140729.0
BR,2024,SP.POP.TOTL,population_total,211998573.0
BR,2010,SP.URB.TOTL.IN.ZS,urban_population_pct,84.343846036308
BR,2011,SP.URB.TOTL.IN.ZS,urban_population_pct,84.6225758599683
BR,2012,SP.URB.TOTL.IN.ZS,urban_population_pct,84.8973874181312
BR,2013,SP.URB.TOTL.IN.ZS,urban_population_pct,85.1676585442726
BR,2014,SP.URB.TOTL.IN.ZS,urban_population_pct,85.4331367898168
BR,2015,SP.URB.TOTL.IN.ZS,urban_population_pct,85.6935697061881
BR,2016,SP.URB.TOTL.IN.ZS,urban_population_pct,85.9487048448108
BR,2017,SP.URB.TOTL.IN.ZS,urban_population_pct,86.1982897571091
BR,2018,SP.URB.TOTL.IN.ZS,urban_population_pct,86.4420719945072
BR,2019,SP.URB.TOTL.IN.ZS,urban_population_pct,86.6797991084296
BR,2020,SP.URB.TOTL.IN.ZS,urban_population_pct,86.9112186503004
BR,2021,SP.URB.TOTL.IN.ZS,urban_population_pct,87.1360781715439
BR,2022,SP.URB.TOTL.IN.ZS,urban_population_pct,87.349556243881
BR,2023,SP.URB.TOTL.IN.ZS,urban_population_pct,87.6159710235763
BR,2024,SP.URB.TOTL.IN.ZS,urban_population_pct,87.8958549533146
CA,2011,FX.OWN.TOTL.ZS,account_ownership_pct_adult,95.8046424525372
CA,2014,FX.OWN.TOTL.ZS,account_ownership_pct_adult,99.1033280339593
CA,2017,FX.OWN.TOTL.ZS,account_ownership_pct_adult,99.7268801898825
CA,2021,FX.OWN.TOTL.ZS,account_ownership_pct_adult,99.6346150066946
CA,2024,FX.OWN.TOTL.ZS,account_ownership_pct_adult,98.4047126063262
CA,2010,BX.KLT.DINV.WD.GD.ZS,fdi_inflow_pct_gdp,1.83725638740881
CA,2011,BX.KLT.DINV.WD.GD.ZS,fdi_inflow_pct_gdp,2.13783310760835
CA,2012,BX.KLT.DINV.WD.GD.ZS,fdi_inflow_pct_gdp,2.70016900895675
CA,2013,BX.KLT.DINV.WD.GD.ZS,fdi_inflow_pct_gdp,3.62980398357006
CA,2014,BX.KLT.DINV.WD.GD.ZS,fdi_inflow_pct_gdp,3.55390337011002
CA,2015,BX.KLT.DINV.WD.GD.ZS,fdi_inflow_pct_gdp,3.85389453706152
CA,2016,BX.KLT.DINV.WD.GD.ZS,fdi_inflow_pct_gdp,2.23835012140903
CA,2017,BX.KLT.DINV.WD.GD.ZS,fdi_inflow_pct_gdp,1.53752071953934
CA,2018,BX.KLT.DINV.WD.GD.ZS,fdi_inflow_pct_gdp,2.46931207254863
CA,2019,BX.KLT.DINV.WD.GD.ZS,fdi_inflow_pct_gdp,2.80676687017653
CA,2020,BX.KLT.DINV.WD.GD.ZS,fdi_inflow_pct_gdp,1.75897085668576
CA,2021,BX.KLT.DINV.WD.GD.ZS,fdi_inflow_pct_gdp,2.97618288160973
CA,2022,BX.KLT.DINV.WD.GD.ZS,fdi_inflow_pct_gdp,2.31755804932899
CA,2023,BX.KLT.DINV.WD.GD.ZS,fdi_inflow_pct_gdp,2.01979850018061
CA,2024,BX.KLT.DINV.WD.GD.ZS,fdi_inflow_pct_gdp,2.81029565355294
CA,2010,NY.GDP.PCAP.CD,gdp_per_capita_usd,47560.6666009406
CA,2011,NY.GDP.PCAP.CD,gdp_per_capita_usd,52223.8588398531
CA,2012,NY.GDP.PCAP.CD,gdp_per_capita_usd,52670.3447335415
CA,2013,NY.GDP.PCAP.CD,gdp_per_capita_usd,52638.1187235237
CA,2014,NY.GDP.PCAP.CD,gdp_per_capita_usd,50960.8431174661
CA,2015,NY.GDP.PCAP.CD,gdp_per_capita_usd,43594.1941045394
CA,2016,NY.GDP.PCAP.CD,gdp_per_capita_usd,42314.0615817218
CA,2017,NY.GDP.PCAP.CD,gdp_per_capita_usd,45129.628116623
CA,2018,NY.GDP.PCAP.CD,gdp_per_capita_usd,46539.1761570405
CA,2019,NY.GDP.PCAP.CD,gdp_per_capita_usd,46352.8693445211
CA,2020,NY.GDP.PCAP.CD,gdp_per_capita_usd,43537.839298904
CA,2021,NY.GDP.PCAP.CD,gdp_per_capita_usd,52886.6616372703
CA,2022,NY.GDP.PCAP.CD,gdp_per_capita_usd,56256.8007264015
CA,2023,NY.GDP.PCAP.CD,gdp_per_capita_usd,54220.3285039875
CA,2024,NY.GDP.PCAP.CD,gdp_per_capita_usd,54340.3477224733
CA,2010,NY.GDP.MKTP.CD,gdp_total_usd,1617343367486.26
CA,2011,NY.GDP.MKTP.CD,gdp_total_usd,1793326630174.52
CA,2012,NY.GDP.MKTP.CD,gdp_total_usd,1828366481521.6
CA,2013,NY.GDP.MKTP.CD,gdp_total_usd,1846597421834.98
CA,2014,NY.GDP.MKTP.CD,gdp_total_usd,1805749878439.94
CA,2015,NY.GDP.MKTP.CD,gdp_total_usd,1556508816217.14
CA,2016,NY.GDP.MKTP.CD,gdp_total_usd,1527994741907.43
CA,2017,NY.GDP.MKTP.CD,gdp_total_usd,1649265644244.09
CA,2018,NY.GDP.MKTP.CD,gdp_total_usd,1725329192783.02
CA,2019,NY.GDP.MKTP.CD,gdp_total_usd,1743725183672.52
CA,2020,NY.GDP.MKTP.CD,gdp_total_usd,1655684730000.19
CA,2021,NY.GDP.MKTP.CD,gdp_total_usd,2022378748423.23
CA,2022,NY.GDP.MKTP.CD,gdp_total_usd,2190411080134.32
CA,2023,NY.GDP.MKTP.CD,gdp_total_usd,2173339670064.33
CA,2024,NY.GDP.MKTP.CD,gdp_total_usd,2243636826633.76
CA,2010,IT.NET.USER.ZS,internet_users_pct,80.3
CA,2011,IT.NET.USER.ZS,internet_users_pct,83.0
CA,2012,IT.NET.USER.ZS,internet_users_pct,83.0
CA,2013,IT.NET.USER.ZS,internet_users_pct,85.80000305
CA,2014,IT.NET.USER.ZS,internet_users_pct,87.12000275
CA,2015,IT.NET.USER.ZS,internet_users_pct,90.0
CA,2016,IT.NET.USER.ZS,internet_users_pct,91.16000366
CA,2017,IT.NET.USER.ZS,internet_users_pct,92.70140076
CA,2018,IT.NET.USER.ZS,internet_users_pct,94.64
CA,2019,IT.NET.USER.ZS,internet_users_pct,91.91290283
CA,2020,IT.NET.USER.ZS,internet_users_pct,92.3
CA,2021,IT.NET.USER.ZS,internet_users_pct,93.93710327
CA,2022,IT.NET.USER.ZS,internet_users_pct,94.0
CA,2023,IT.NET.USER.ZS,internet_users_pct,94.14530182
CA,2024,IT.NET.USER.ZS,internet_users_pct,94.353302
CA,2010,IT.CEL.SETS.P2,mobile_subs_per_100,75.5197130593625
CA,2011,IT.CEL.SETS.P2,mobile_subs_per_100,77.6722584904981
CA,2012,IT.CEL.SETS.P2,mobile_subs_per_100,79.3757242462141
CA,2013,IT.CEL.SETS.P2,mobile_subs_per_100,80.3548920843149
CA,2014,IT.CEL.SETS.P2,mobile_subs_per_100,80.790219211487
CA,2015,IT.CEL.SETS.P2,mobile_subs_per_100,82.767383138656
CA,2016,IT.CEL.SETS.P2,mobile_subs_per_100,84.5919452304565
CA,2017,IT.CEL.SETS.P2,mobile_subs_per_100,86.1024018448784
CA,2018,IT.CEL.SETS.P2,mobile_subs_per_100,89.0494584998715
CA,2019,IT.CEL.SETS.P2,mobile_subs_per_100,90.9589210049458
CA,2020,IT.CEL.SETS.P2,mobile_subs_per_100,84.7747749116615
CA,2021,IT.CEL.SETS.P2,mobile_subs_per_100,87.4056019628826
CA,2022,IT.CEL.SETS.P2,mobile_subs_per_100,91.2386689983444
CA,2023,IT.CEL.SETS.P2,mobile_subs_per_100,94.1497268194785
CA,2024,IT.CEL.SETS.P2,mobile_subs_per_100,94.1059718794246
CA,2010,SP.POP.TOTL,population_total,34005902.0
CA,2011,SP.POP.TOTL,population_total,34339221.0
CA,2012,SP.POP.TOTL,population_total,34713395.0
CA,2013,SP.POP.TOTL,population_total,35080992.0
CA,2014,SP.POP.TOTL,population_total,35434066.0
CA,2015,SP.POP.TOTL,population_total,35704498.0
CA,2016,SP.POP.TOTL,population_total,36110803.0
CA,2017,SP.POP.TOTL,population_total,36545075.0
CA,2018,SP.POP.TOTL,population_total,37072620.0
CA,2019,SP.POP.TOTL,population_total,37618495.0
CA,2020,SP.POP.TOTL,population_total,38028638.0
CA,2021,SP.POP.TOTL,population_total,38239864.0
CA,2022,SP.POP.TOTL,population_total,38935934.0
CA,2023,SP.POP.TOTL,population_total,40083484.0
CA,2024,SP.POP.TOTL,population_total,41288599.0
CA,2010,SP.URB.TOTL.IN.ZS,urban_population_pct,81.0120892252937
CA,2011,SP.URB.TOTL.IN.ZS,urban_population_pct,81.1031425434213
CA,2012,SP.URB.TOTL.IN.ZS,urban_population_pct,81.1513483248791
CA,2013,SP.URB.TOTL.IN.ZS,urban_population_pct,81.183439957458
CA,2014,SP.URB.TOTL.IN.ZS,urban_population_pct,81.211183161556
CA,2015,SP.URB.TOTL.IN.ZS,urban_population_pct,81.2465670276699
CA,2016,SP.URB.TOTL.IN.ZS,urban_population_pct,81.3023011093703
CA,2017,SP.URB.TOTL.IN.ZS,urban_population_pct,81.4018945832226
CA,2018,SP.URB.TOTL.IN.ZS,urban_population_pct,81.5500341646653
CA,2019,SP.URB.TOTL.IN.ZS,urban_population_pct,81.7363672047941
CA,2020,SP.URB.TOTL.IN.ZS,urban_population_pct,81.9509888710566
CA,2021,SP.URB.TOTL.IN.ZS,urban_population_pct,82.1779279079275
CA,2022,SP.URB.TOTL.IN.ZS,urban_population_pct,82.3500897353968
CA,2023,SP.URB.TOTL.IN.ZS,urban_population_pct,82.5250564408346
CA,2024,SP.URB.TOTL.IN.ZS,urban_population_pct,82.7002565766633
CN,2011,FX.OWN.TOTL.ZS,account_ownership_pct_adult,63.8173128563221
CN,2014,FX.OWN.TOTL.ZS,account_ownership_pct_adult,78.9652608494559
CN,2017,FX.OWN.TOTL.ZS,account_ownership_pct_adult,79.5313410701405
CN,2021,FX.OWN.TOTL.ZS,account_ownership_pct_adult,88.7090216844445
CN,2024,FX.OWN.TOTL.ZS,account_ownership_pct_adult,89.3830319754266
CN,2010,BX.KLT.DINV.WD.GD.ZS,fdi_inflow_pct_gdp,3.93541996731512
CN,2011,BX.KLT.DINV.WD.GD.ZS,fdi_inflow_pct_gdp,3.65069190228423
CN,2012,BX.KLT.DINV.WD.GD.ZS,fdi_inflow_pct_gdp,2.78099138181613
CN,2013,BX.KLT.DINV.WD.GD.ZS,fdi_inflow_pct_gdp,2.98598708261986
CN,2014,BX.KLT.DINV.WD.GD.ZS,fdi_inflow_pct_gdp,2.51155883670463
CN,2015,BX.KLT.DINV.WD.GD.ZS,fdi_inflow_pct_gdp,2.14957284731563
CN,2016,BX.KLT.DINV.WD.GD.ZS,fdi_inflow_pct_gdp,1.52539470315394
CN,2017,BX.KLT.DINV.WD.GD.ZS,fdi_inflow_pct_gdp,1.32468971748482
CN,2018,BX.KLT.DINV.WD.GD.ZS,fdi_inflow_pct_gdp,1.66361992284408
CN,2019,BX.KLT.DINV.WD.GD.ZS,fdi_inflow_pct_gdp,1.28549226847992
CN,2020,BX.KLT.DINV.WD.GD.ZS,fdi_inflow_pct_gdp,1.68770756292082
CN,2021,BX.KLT.DINV.WD.GD.ZS,fdi_inflow_pct_gdp,1.8903454142588
CN,2022,BX.KLT.DINV.WD.GD.ZS,fdi_inflow_pct_gdp,1.03841365474349
CN,2023,BX.KLT.DINV.WD.GD.ZS,fdi_inflow_pct_gdp,0.280991103634816
CN,2024,BX.KLT.DINV.WD.GD.ZS,fdi_inflow_pct_gdp,0.0989988051182737
CN,2010,NY.GDP.PCAP.CD,gdp_per_capita_usd,4629.24551710077
CN,2011,NY.GDP.PCAP.CD,gdp_per_capita_usd,5703.76027973346
CN,2012,NY.GDP.PCAP.CD,gdp_per_capita_usd,6405.0574241349
CN,2013,NY.GDP.PCAP.CD,gdp_per_capita_usd,7147.03518622344
CN,2014,NY.GDP.PCAP.CD,gdp_per_capita_usd,7781.06597484974
CN,2015,NY.GDP.PCAP.CD,gdp_per_capita_usd,8175.33285077393
CN,2016,NY.GDP.PCAP.CD,gdp_per_capita_usd,8254.86859320357
CN,2017,NY.GDP.PCAP.CD,gdp_per_capita_usd,8979.67652709856
CN,2018,NY.GDP.PCAP.CD,gdp_per_capita_usd,10085.6638148819
CN,2019,NY.GDP.PCAP.CD,gdp_per_capita_usd,10342.9009524335
CN,2020,NY.GDP.PCAP.CD,gdp_per_capita_usd,10627.4637989619
CN,2021,NY.GDP.PCAP.CD,gdp_per_capita_usd,12887.4357242941
CN,2022,NY.GDP.PCAP.CD,gdp_per_capita_usd,12970.6056414327
CN,2023,NY.GDP.PCAP.CD,gdp_per_capita_usd,12951.1782397043
CN,2024,NY.GDP.PCAP.CD,gdp_per_capita_usd,13303.1481543868
CN,2010,NY.GDP.MKTP.CD,gdp_total_usd,6192564874453.29
CN,2011,NY.GDP.MKTP.CD,gdp_total_usd,7671757207851.29
CN,2012,NY.GDP.MKTP.CD,gdp_total_usd,8673664713189.24
CN,2013,NY.GDP.MKTP.CD,gdp_total_usd,9743124247267.24
CN,2014,NY.GDP.MKTP.CD,gdp_total_usd,10674533168257.4
CN,2015,NY.GDP.MKTP.CD,gdp_total_usd,11280814787468.9
CN,2016,NY.GDP.MKTP.CD,gdp_total_usd,11456024084962.0
CN,2017,NY.GDP.MKTP.CD,gdp_total_usd,12537559062282.9
CN,2018,NY.GDP.MKTP.CD,gdp_total_usd,14147765772963.8
CN,2019,NY.GDP.MKTP.CD,gdp_total_usd,14560167101283.4
CN,2020,NY.GDP.MKTP.CD,gdp_total_usd,14996414166715.1
CN,2021,NY.GDP.MKTP.CD,gdp_total_usd,18201698719564.0
CN,2022,NY.GDP.MKTP.CD,gdp_total_usd,18316765021690.2
CN,2023,NY.GDP.MKTP.CD,gdp_total_usd,18270356654533.2
CN,2024,NY.GDP.MKTP.CD,gdp_total_usd,18743803170827.2
CN,2010,IT.NET.USER.ZS,internet_users_pct,34.3
CN,2011,IT.NET.USER.ZS,internet_users_pct,38.3
CN,2012,IT.NET.USER.ZS,internet_users_pct,42.30009842
CN,2013,IT.NET.USER.ZS,internet_users_pct,45.79999924
CN,2014,IT.NET.USER.ZS,internet_users_pct,47.90000153
CN,2015,IT.NET.USER.ZS,internet_users_pct,50.29999924
CN,2016,IT.NET.USER.ZS,internet_users_pct,53.2
CN,2017,IT.NET.USER.ZS,internet_users_pct,54.3
CN,2018,IT.NET.USER.ZS,internet_users_pct,65.35839844
CN,2019,IT.NET.USER.ZS,internet_users_pct,64.080881297515
CN,2020,IT.NET.USER.ZS,internet_users_pct,70.05275998
CN,2021,IT.NET.USER.ZS,internet_users_pct,73.05323517
CN,2022,IT.NET.USER.ZS,internet_users_pct,75.61131603
CN,2023,IT.NET.USER.ZS,internet_users_pct,90.6
CN,2024,IT.NET.USER.ZS,internet_users_pct,92.0
CN,2025,IT.NET.USER.ZS,internet_users_pct,91.6
CN,2010,IT.CEL.SETS.P2,mobile_subs_per_100,63.5563376954813
CN,2011,IT.CEL.SETS.P2,mobile_subs_per_100,72.5052393725573
CN,2012,IT.CEL.SETS.P2,mobile_subs_per_100,81.2075981633238
CN,2013,IT.CEL.SETS.P2,mobile_subs_per_100,89.130227261039
CN,2014,IT.CEL.SETS.P2,mobile_subs_per_100,92.6612034094217
CN,2015,IT.CEL.SETS.P2,mobile_subs_per_100,92.5401171363348
CN,2016,IT.CEL.SETS.P2,mobile_subs_per_100,97.2138770934621
CN,2017,IT.CEL.SETS.P2,mobile_subs_per_100,104.073181609424
CN,2018,IT.CEL.SETS.P2,mobile_subs_per_100,116.229125477063
CN,2019,IT.CEL.SETS.P2,mobile_subs_per_100,122.670391850252
CN,2020,IT.CEL.SETS.P2,mobile_subs_per_100,120.496715387079
CN,2021,IT.CEL.SETS.P2,mobile_subs_per_100,121.491918368395
CN,2022,IT.CEL.SETS.P2,mobile_subs_per_100,124.195248970763
CN,2023,IT.CEL.SETS.P2,mobile_subs_per_100,128.247014127486
CN,2024,IT.CEL.SETS.P2,mobile_subs_per_100,131.753932036803
CN,2010,SP.POP.TOTL,population_total,1337705000.0
CN,2011,SP.POP.TOTL,population_total,1345035000.0
CN,2012,SP.POP.TOTL,population_total,1354190000.0
CN,2013,SP.POP.TOTL,population_total,1363240000.0
CN,2014,SP.POP.TOTL,population_total,1371860000.0
CN,2015,SP.POP.TOTL,population_total,1379860000.0
CN,2016,SP.POP.TOTL,population_total,1387790000.0
CN,2017,SP.POP.TOTL,population_total,1396215000.0
CN,2018,SP.POP.TOTL,population_total,1402760000.0
CN,2019,SP.POP.TOTL,population_total,1407745000.0
CN,2020,SP.POP.TOTL,population_total,1411100000.0
CN,2021,SP.POP.TOTL,population_total,1412360000.0
CN,2022,SP.POP.TOTL,population_total,1412175000.0
CN,2023,SP.POP.TOTL,population_total,1410710000.0
CN,2024,SP.POP.TOTL,population_total,1408975000.0
CN,2010,SP.URB.TOTL.IN.ZS,urban_population_pct,49.2340270628041
CN,2011,SP.URB.TOTL.IN.ZS,urban_population_pct,51.8300285339355
CN,2012,SP.URB.TOTL.IN.ZS,urban_population_pct,53.1003112792969
CN,2013,SP.URB.TOTL.IN.ZS,urban_population_pct,54.4900016784668
CN,2014,SP.URB.TOTL.IN.ZS,urban_population_pct,55.7502555847168
CN,2015,SP.URB.TOTL.IN.ZS,urban_population_pct,57.3297843933105
CN,2016,SP.URB.TOTL.IN.ZS,urban_population_pct,58.8399238586426
CN,2017,SP.URB.TOTL.IN.ZS,urban_population_pct,60.2402687072754
CN,2018,SP.URB.TOTL.IN.ZS,urban_population_pct,61.5001983642578
CN,2019,SP.URB.TOTL.IN.ZS,urban_population_pct,62.7099151611328
CN,2020,SP.URB.TOTL.IN.ZS,urban_population_pct,63.5234230266258
CN,2021,SP.URB.TOTL.IN.ZS,urban_population_pct,64.721076965332
CN,2022,SP.URB.TOTL.IN.ZS,urban_population_pct,65.2176361083984
CN,2023,SP.URB.TOTL.IN.ZS,urban_population_pct,65.5301448035523
CN,2024,SP.URB.TOTL.IN.ZS,urban_population_pct,65.8946980998325
DE,2011,FX.OWN.TOTL.ZS,account_ownership_pct_adult,98.1336173269525
DE,2014,FX.OWN.TOTL.ZS,account_ownership_pct_adult,98.7604066823874
DE,2017,FX.OWN.TOTL.ZS,account_ownership_pct_adult,99.14118600163
DE,2021,FX.OWN.TOTL.ZS,account_ownership_pct_adult,99.9765938161833
DE,2024,FX.OWN.TOTL.ZS,account_ownership_pct_adult,98.2983235670699
DE,2010,BX.KLT.DINV.WD.GD.ZS,fdi_inflow_pct_gdp,2.48154528887853
DE,2011,BX.KLT.DINV.WD.GD.ZS,fdi_inflow_pct_gdp,2.55089499875415
DE,2012,BX.KLT.DINV.WD.GD.ZS,fdi_inflow_pct_gdp,1.8196411156431
DE,2013,BX.KLT.DINV.WD.GD.ZS,fdi_inflow_pct_gdp,1.76515036525359
DE,2014,BX.KLT.DINV.WD.GD.ZS,fdi_inflow_pct_gdp,0.437762571704246
DE,2015,BX.KLT.DINV.WD.GD.ZS,fdi_inflow_pct_gdp,1.82239938063641
DE,2016,BX.KLT.DINV.WD.GD.ZS,fdi_inflow_pct_gdp,1.64365840117303
DE,2017,BX.KLT.DINV.WD.GD.ZS,fdi_inflow_pct_gdp,2.88914588414184
DE,2018,BX.KLT.DINV.WD.GD.ZS,fdi_inflow_pct_gdp,4.00082875273687
DE,2019,BX.KLT.DINV.WD.GD.ZS,fdi_inflow_pct_gdp,1.9056930139782
DE,2020,BX.KLT.DINV.WD.GD.ZS,fdi_inflow_pct_gdp,4.48523547812751
DE,2021,BX.KLT.DINV.WD.GD.ZS,fdi_inflow_pct_gdp,2.93002168676674
DE,2022,BX.KLT.DINV.WD.GD.ZS,fdi_inflow_pct_gdp,2.07605246190373
DE,2023,BX.KLT.DINV.WD.GD.ZS,fdi_inflow_pct_gdp,1.69740103499567
DE,2024,BX.KLT.DINV.WD.GD.ZS,fdi_inflow_pct_gdp,1.01586176558023
DE,2010,NY.GDP.PCAP.CD,gdp_per_capita_usd,42396.9665976293
DE,2011,NY.GDP.PCAP.CD,gdp_per_capita_usd,47630.9761883572
DE,2012,NY.GDP.PCAP.CD,gdp_per_capita_usd,44718.0159214069
DE,2013,NY.GDP.PCAP.CD,gdp_per_capita_usd,47206.8353514242
DE,2014,NY.GDP.PCAP.CD,gdp_per_capita_usd,48959.5991203133
DE,2015,NY.GDP.PCAP.CD,gdp_per_capita_usd,41929.7549110722
DE,2016,NY.GDP.PCAP.CD,gdp_per_capita_usd,42948.9381932694
DE,2017,NY.GDP.PCAP.CD,gdp_per_capita_usd,45553.9341495339
DE,2018,NY.GDP.PCAP.CD,gdp_per_capita_usd,48916.1686612154
DE,2019,NY.GDP.PCAP.CD,gdp_per_capita_usd,47656.199739747
DE,2020,NY.GDP.PCAP.CD,gdp_per_capita_usd,47394.8734504469
DE,2021,NY.GDP.PCAP.CD,gdp_per_capita_usd,52349.2459994422
DE,2022,NY.GDP.PCAP.CD,gdp_per_capita_usd,50506.5179638543
DE,2023,NY.GDP.PCAP.CD,gdp_per_capita_usd,54776.7668235491
DE,2024,NY.GDP.PCAP.CD,gdp_per_capita_usd,56103.7323182554
DE,2010,NY.GDP.MKTP.CD,gdp_total_usd,3467093769666.67
DE,2011,NY.GDP.MKTP.CD,gdp_total_usd,3823575803793.78
DE,2012,NY.GDP.MKTP.CD,gdp_total_usd,3596483233406.25
DE,2013,NY.GDP.MKTP.CD,gdp_total_usd,3807023797050.99
DE,2014,NY.GDP.MKTP.CD,gdp_total_usd,3964870735760.77
DE,2015,NY.GDP.MKTP.CD,gdp_total_usd,3425099578746.09
DE,2016,NY.GDP.MKTP.CD,gdp_total_usd,3536787895179.0
DE,2017,NY.GDP.MKTP.CD,gdp_total_usd,3765351626105.89
DE,2018,NY.GDP.MKTP.CD,gdp_total_usd,4055433215301.96
DE,2019,NY.GDP.MKTP.CD,gdp_total_usd,3959894794039.21
DE,2020,NY.GDP.MKTP.CD,gdp_total_usd,3941398957073.94
DE,2021,NY.GDP.MKTP.CD,gdp_total_usd,4355251953410.78
DE,2022,NY.GDP.MKTP.CD,gdp_total_usd,4201021706478.62
DE,2023,NY.GDP.MKTP.CD,gdp_total_usd,4562207532490.28
DE,2024,NY.GDP.MKTP.CD,gdp_total_usd,4685592577804.69
DE,2010,IT.NET.USER.ZS,internet_users_pct,82.0
DE,2011,IT.NET.USER.ZS,internet_users_pct,81.26999953602
DE,2012,IT.NET.USER.ZS,internet_users_pct,82.3499984738392
DE,2013,IT.NET.USER.ZS,internet_users_pct,84.17
DE,2014,IT.NET.USER.ZS,internet_users_pct,86.1937006578756
DE,2015,IT.NET.USER.ZS,internet_users_pct,87.5897993525767
DE,2016,IT.NET.USER.ZS,internet_users_pct,84.1652066441212
DE,2017,IT.NET.USER.ZS,internet_users_pct,84.3941537010844
DE,2018,IT.NET.USER.ZS,internet_users_pct,87.037112092841
DE,2019,IT.NET.USER.ZS,internet_users_pct,88.1345169091916
DE,2020,IT.NET.USER.ZS,internet_users_pct,89.81294133
DE,2021,IT.NET.USER.ZS,internet_users_pct,91.43060973
DE,2022,IT.NET.USER.ZS,internet_users_pct,91.62984383
DE,2023,IT.NET.USER.ZS,internet_users_pct,92.4763763
DE,2024,IT.NET.USER.ZS,internet_users_pct,93.49999579
DE,2010,IT.CEL.SETS.P2,mobile_subs_per_100,109.364084468464
DE,2011,IT.CEL.SETS.P2,mobile_subs_per_100,112.41947815744
DE,2012,IT.CEL.SETS.P2,mobile_subs_per_100,114.191945537857
DE,2013,IT.CEL.SETS.P2,mobile_subs_per_100,123.435398879553
DE,2014,IT.CEL.SETS.P2,mobile_subs_per_100,122.308668591557
DE,2015,IT.CEL.SETS.P2,mobile_subs_per_100,117.401165117624
DE,2016,IT.CEL.SETS.P2,mobile_subs_per_100,125.024012174369
DE,2017,IT.CEL.SETS.P2,mobile_subs_per_100,132.003261888443
DE,2018,IT.CEL.SETS.P2,mobile_subs_per_100,128.945577229674
DE,2019,IT.CEL.SETS.P2,mobile_subs_per_100,128.292298108313
DE,2020,IT.CEL.SETS.P2,mobile_subs_per_100,128.424798814302
DE,2021,IT.CEL.SETS.P2,mobile_subs_per_100,127.125099449404
DE,2022,IT.CEL.SETS.P2,mobile_subs_per_100,124.158264349285
DE,2023,IT.CEL.SETS.P2,mobile_subs_per_100,124.662572774586
DE,2024,IT.CEL.SETS.P2,mobile_subs_per_100,129.150921864378
DE,2010,SP.POP.TOTL,population_total,81776930.0
DE,2011,SP.POP.TOTL,population_total,80274983.0
DE,2012,SP.POP.TOTL,population_total,80425823.0
DE,2013,SP.POP.TOTL,population_total,80645605.0
DE,2014,SP.POP.TOTL,population_total,80982500.0
DE,2015,SP.POP.TOTL,population_total,81686611.0
DE,2016,SP.POP.TOTL,population_total,82348669.0
DE,2017,SP.POP.TOTL,population_total,82657002.0
DE,2018,SP.POP.TOTL,population_total,82905782.0
DE,2019,SP.POP.TOTL,population_total,83092962.0
DE,2020,SP.POP.TOTL,population_total,83160871.0
DE,2021,SP.POP.TOTL,population_total,83196078.0
DE,2022,SP.POP.TOTL,population_total,83177813.0
DE,2023,SP.POP.TOTL,population_total,83287273.0
DE,2024,SP.POP.TOTL,population_total,83516593.0
DE,2010,SP.URB.TOTL.IN.ZS,urban_population_pct,80.305702559949
DE,2011,SP.URB.TOTL.IN.ZS,urban_population_pct,80.3405762928198
DE,2012,SP.URB.TOTL.IN.ZS,urban_population_pct,80.393447520218
DE,2013,SP.URB.TOTL.IN.ZS,urban_population_pct,80.4732318400362
DE,2014,SP.URB.TOTL.IN.ZS,urban_population_pct,80.57574023743
DE,2015,SP.URB.TOTL.IN.ZS,urban_population_pct,80.6974371632814
DE,2016,SP.URB.TOTL.IN.ZS,urban_population_pct,80.8347870684725
DE,2017,SP.URB.TOTL.IN.ZS,urban_population_pct,80.9842544038853
DE,2018,SP.URB.TOTL.IN.ZS,urban_population_pct,81.1423036204018
DE,2019,SP.URB.TOTL.IN.ZS,urban_population_pct,81.3053991689039
DE,2020,SP.URB.TOTL.IN.ZS,urban_population_pct,81.4700055002738
DE,2021,SP.URB.TOTL.IN.ZS,urban_population_pct,81.6325870653934
DE,2022,SP.URB.TOTL.IN.ZS,urban_population_pct,81.7867852780995
DE,2023,SP.URB.TOTL.IN.ZS,urban_population_pct,81.9034366692129
DE,2024,SP.URB.TOTL.IN.ZS,urban_population_pct,82.0211432579125
GB,2011,FX.OWN.TOTL.ZS,account_ownership_pct_adult,97.201284899645
GB,2014,FX.OWN.TOTL.ZS,account_ownership_pct_adult,98.9310547976756
GB,2017,FX.OWN.TOTL.ZS,account_ownership_pct_adult,96.366318852125
GB,2021,FX.OWN.TOTL.ZS,account_ownership_pct_adult,99.7632738299911
GB,2024,FX.OWN.TOTL.ZS,account_ownership_pct_adult,99.2843092777584
GB,2010,BX.KLT.DINV.WD.GD.ZS,fdi_inflow_pct_gdp,2.67286674184503
GB,2011,BX.KLT.DINV.WD.GD.ZS,fdi_inflow_pct_gdp,1.00957357920277
GB,2012,BX.KLT.DINV.WD.GD.ZS,fdi_inflow_pct_gdp,1.71895853790766
GB,2013,BX.KLT.DINV.WD.GD.ZS,fdi_inflow_pct_gdp,1.94762104828418
GB,2014,BX.KLT.DINV.WD.GD.ZS,fdi_inflow_pct_gdp,1.90870445734316
GB,2015,BX.KLT.DINV.WD.GD.ZS,fdi_inflow_pct_gdp,1.53903424150931
GB,2016,BX.KLT.DINV.WD.GD.ZS,fdi_inflow_pct_gdp,11.9998637298189
GB,2017,BX.KLT.DINV.WD.GD.ZS,fdi_inflow_pct_gdp,4.64443540147576
GB,2018,BX.KLT.DINV.WD.GD.ZS,fdi_inflow_pct_gdp,-0.864867036878713
GB,2019,BX.KLT.DINV.WD.GD.ZS,fdi_inflow_pct_gdp,0.688204352262878
GB,2020,BX.KLT.DINV.WD.GD.ZS,fdi_inflow_pct_gdp,5.77039185007421
GB,2021,BX.KLT.DINV.WD.GD.ZS,fdi_inflow_pct_gdp,3.20643815254935
GB,2022,BX.KLT.DINV.WD.GD.ZS,fdi_inflow_pct_gdp,2.91635435189931
GB,2023,BX.KLT.DINV.WD.GD.ZS,fdi_inflow_pct_gdp,0.403116734836793
GB,2024,BX.KLT.DINV.WD.GD.ZS,fdi_inflow_pct_gdp,-0.351465690300773
GB,2010,NY.GDP.PCAP.CD,gdp_per_capita_usd,39778.3220528565
GB,2011,NY.GDP.PCAP.CD,gdp_per_capita_usd,42295.9273835322
GB,2012,NY.GDP.PCAP.CD,gdp_per_capita_usd,42688.3263728372
GB,2013,NY.GDP.PCAP.CD,gdp_per_capita_usd,43606.9837896348
GB,2014,NY.GDP.PCAP.CD,gdp_per_capita_usd,47746.2421759562
GB,2015,NY.GDP.PCAP.CD,gdp_per_capita_usd,45255.3449216209
GB,2016,NY.GDP.PCAP.CD,gdp_per_capita_usd,41257.9085545556
GB,2017,NY.GDP.PCAP.CD,gdp_per_capita_usd,40916.8115070354
GB,2018,NY.GDP.PCAP.CD,gdp_per_capita_usd,43702.9976303165
GB,2019,NY.GDP.PCAP.CD,gdp_per_capita_usd,43158.7411267323
GB,2020,NY.GDP.PCAP.CD,gdp_per_capita_usd,40812.6794663879
GB,2021,NY.GDP.PCAP.CD,gdp_per_capita_usd,47691.3768799404
GB,2022,NY.GDP.PCAP.CD,gdp_per_capita_usd,47057.043229179
GB,2023,NY.GDP.PCAP.CD,gdp_per_capita_usd,49944.4702124201
GB,2024,NY.GDP.PCAP.CD,gdp_per_capita_usd,53246.3676145108
GB,2010,NY.GDP.MKTP.CD,gdp_total_usd,2496740681057.14
GB,2011,NY.GDP.MKTP.CD,gdp_total_usd,2675590034128.66
GB,2012,NY.GDP.MKTP.CD,gdp_total_usd,2719715961539.83
GB,2013,NY.GDP.MKTP.CD,gdp_total_usd,2796908333283.39
GB,2014,NY.GDP.MKTP.CD,gdp_total_usd,3085362169410.29
GB,2015,NY.GDP.MKTP.CD,gdp_total_usd,2945579890258.46
GB,2016,NY.GDP.MKTP.CD,gdp_total_usd,2706807606538.73
GB,2017,NY.GDP.MKTP.CD,gdp_total_usd,2699118387873.1
GB,2018,NY.GDP.MKTP.CD,gdp_total_usd,2897028009916.05
GB,2019,NY.GDP.MKTP.CD,gdp_total_usd,2875710080015.3
GB,2020,NY.GDP.MKTP.CD,gdp_total_usd,2724001478304.59
GB,2021,NY.GDP.MKTP.CD,gdp_total_usd,3194559188925.93
GB,2022,NY.GDP.MKTP.CD,gdp_total_usd,3181244350465.41
GB,2023,NY.GDP.MKTP.CD,gdp_total_usd,3420796653789.08
GB,2024,NY.GDP.MKTP.CD,gdp_total_usd,3686033044482.13
GB,2010,IT.NET.USER.ZS,internet_users_pct,85.0
GB,2011,IT.NET.USER.ZS,internet_users_pct,85.3799985496322
GB,2012,IT.NET.USER.ZS,internet_users_pct,87.4799984242111
GB,2013,IT.NET.USER.ZS,internet_users_pct,89.8441
GB,2014,IT.NET.USER.ZS,internet_users_pct,91.6133009176453
GB,2015,IT.NET.USER.ZS,internet_users_pct,92.0002998740234
GB,2016,IT.NET.USER.ZS,internet_users_pct,94.7758006318882
GB,2017,IT.NET.USER.ZS,internet_users_pct,90.4245504868553
GB,2018,IT.NET.USER.ZS,internet_users_pct,90.692008988783
GB,2019,IT.NET.USER.ZS,internet_users_pct,92.5166285497138
GB,2020,IT.NET.USER.ZS,internet_users_pct,94.81820132
GB,2021,IT.NET.USER.ZS,internet_users_pct,96.19650269
GB,2022,IT.NET.USER.ZS,internet_users_pct,95.46530151
GB,2023,IT.NET.USER.ZS,internet_users_pct,95.44719696
GB,2024,IT.NET.USER.ZS,internet_users_pct,95.4720993
GB,2010,IT.CEL.SETS.P2,mobile_subs_per_100,121.780844361683
GB,2011,IT.CEL.SETS.P2,mobile_subs_per_100,121.49766447536
GB,2012,IT.CEL.SETS.P2,mobile_subs_per_100,122.465231814068
GB,2013,IT.CEL.SETS.P2,mobile_subs_per_100,122.184696024755
GB,2014,IT.CEL.SETS.P2,mobile_subs_per_100,120.958261038047
GB,2015,IT.CEL.SETS.P2,mobile_subs_per_100,121.211739725133
GB,2016,IT.CEL.SETS.P2,mobile_subs_per_100,119.786558760596
GB,2017,IT.CEL.SETS.P2,mobile_subs_per_100,119.206737402819
GB,2018,IT.CEL.SETS.P2,mobile_subs_per_100,118.184381927412
GB,2019,IT.CEL.SETS.P2,mobile_subs_per_100,120.250108782533
GB,2020,IT.CEL.SETS.P2,mobile_subs_per_100,117.304850715261
GB,2021,IT.CEL.SETS.P2,mobile_subs_per_100,117.887430294308
GB,2022,IT.CEL.SETS.P2,mobile_subs_per_100,119.833999505569
GB,2023,IT.CEL.SETS.P2,mobile_subs_per_100,122.781542240418
GB,2024,IT.CEL.SETS.P2,mobile_subs_per_100,121.643331373201
GB,2010,SP.POP.TOTL,population_total,62766365.0
GB,2011,SP.POP.TOTL,population_total,63258810.0
GB,2012,SP.POP.TOTL,population_total,63711000.0
GB,2013,SP.POP.TOTL,population_total,64139000.0
GB,2014,SP.POP.TOTL,population_total,64620000.0
GB,2015,SP.POP.TOTL,population_total,65088000.0
GB,2016,SP.POP.TOTL,population_total,65607000.0
GB,2017,SP.POP.TOTL,population_total,65966000.0
GB,2018,SP.POP.TOTL,population_total,66289000.0
GB,2019,SP.POP.TOTL,population_total,66631000.0
GB,2020,SP.POP.TOTL,population_total,66744000.0
GB,2021,SP.POP.TOTL,population_total,66984000.0
GB,2022,SP.POP.TOTL,population_total,67604000.0
GB,2023,SP.POP.TOTL,population_total,68492000.0
GB,2024,SP.POP.TOTL,population_total,69226000.0
GB,2010,SP.URB.TOTL.IN.ZS,urban_population_pct,80.995165116277
GB,2011,SP.URB.TOTL.IN.ZS,urban_population_pct,81.1359685592627
GB,2012,SP.URB.TOTL.IN.ZS,urban_population_pct,81.2905667759508
GB,2013,SP.URB.TOTL.IN.ZS,urban_population_pct,81.4573768694887
GB,2014,SP.URB.TOTL.IN.ZS,urban_population_pct,81.6355750750722
GB,2015,SP.URB.TOTL.IN.ZS,urban_population_pct,81.8243772295647
GB,2016,SP.URB.TOTL.IN.ZS,urban_population_pct,82.0229991698295
GB,2017,SP.URB.TOTL.IN.ZS,urban_population_pct,82.23065673273
GB,2018,SP.URB.TOTL.IN.ZS,urban_population_pct,82.4465657551295
GB,2019,SP.URB.TOTL.IN.ZS,urban_population_pct,82.6699420738913
GB,2020,SP.URB.TOTL.IN.ZS,urban_population_pct,82.9000015258789
GB,2021,SP.URB.TOTL.IN.ZS,urban_population_pct,82.9886431523641
GB,2022,SP.URB.TOTL.IN.ZS,urban_population_pct,83.0753982997505
GB,2023,SP.URB.TOTL.IN.ZS,urban_population_pct,83.1601932891335
GB,2024,SP.URB.TOTL.IN.ZS,urban_population_pct,83.2429544416085
ID,2011,FX.OWN.TOTL.ZS,account_ownership_pct_adult,19.5819907600545
ID,2014,FX.OWN.TOTL.ZS,account_ownership_pct_adult,36.0589893131595
ID,2017,FX.OWN.TOTL.ZS,account_ownership_pct_adult,48.8574509277817
ID,2021,FX.OWN.TOTL.ZS,account_ownership_pct_adult,51.755324070215
ID,2024,FX.OWN.TOTL.ZS,account_ownership_pct_adult,56.3278493718021
ID,2010,BX.KLT.DINV.WD.GD.ZS,fdi_inflow_pct_gdp,2.02517914569356
ID,2011,BX.KLT.DINV.WD.GD.ZS,fdi_inflow_pct_gdp,2.30298429381592
ID,2012,BX.KLT.DINV.WD.GD.ZS,fdi_inflow_pct_gdp,2.30978031853073
ID,2013,BX.KLT.DINV.WD.GD.ZS,fdi_inflow_pct_gdp,2.55135633401058
ID,2014,BX.KLT.DINV.WD.GD.ZS,fdi_inflow_pct_gdp,2.81997260412102
ID,2015,BX.KLT.DINV.WD.GD.ZS,fdi_inflow_pct_gdp,2.29761639380441
ID,2016,BX.KLT.DINV.WD.GD.ZS,fdi_inflow_pct_gdp,0.487372471368879
ID,2017,BX.KLT.DINV.WD.GD.ZS,fdi_inflow_pct_gdp,2.01948919812582
ID,2018,BX.KLT.DINV.WD.GD.ZS,fdi_inflow_pct_gdp,1.81428979349441
ID,2019,BX.KLT.DINV.WD.GD.ZS,fdi_inflow_pct_gdp,2.23336204282241
ID,2020,BX.KLT.DINV.WD.GD.ZS,fdi_inflow_pct_gdp,1.81058402027127
ID,2021,BX.KLT.DINV.WD.GD.ZS,fdi_inflow_pct_gdp,1.7878556314554
ID,2022,BX.KLT.DINV.WD.GD.ZS,fdi_inflow_pct_gdp,1.87264100861425
ID,2023,BX.KLT.DINV.WD.GD.ZS,fdi_inflow_pct_gdp,1.57116694173474
ID,2024,BX.KLT.DINV.WD.GD.ZS,fdi_inflow_pct_gdp,1.73855500774354
ID,2010,NY.GDP.PCAP.CD,gdp_per_capita_usd,3065.68348377765
ID,2011,NY.GDP.PCAP.CD,gdp_per_capita_usd,3579.46442466152
ID,2012,NY.GDP.PCAP.CD,gdp_per_capita_usd,3632.27254030331
ID,2013,NY.GDP.PCAP.CD,gdp_per_capita_usd,3566.60284506078
ID,2014,NY.GDP.PCAP.CD,gdp_per_capita_usd,3441.06808464008
ID,2015,NY.GDP.PCAP.CD,gdp_per_capita_usd,3288.22269725538
ID,2016,NY.GDP.PCAP.CD,gdp_per_capita_usd,3521.46943457574
ID,2017,NY.GDP.PCAP.CD,gdp_per_capita_usd,3798.88326174526
ID,2018,NY.GDP.PCAP.CD,gdp_per_capita_usd,3860.95353090726
ID,2019,NY.GDP.PCAP.CD,gdp_per_capita_usd,4106.94856160358
ID,2020,NY.GDP.PCAP.CD,gdp_per_capita_usd,3853.70288774146
ID,2021,NY.GDP.PCAP.CD,gdp_per_capita_usd,4287.17313995098
ID,2022,NY.GDP.PCAP.CD,gdp_per_capita_usd,4730.83484836107
ID,2023,NY.GDP.PCAP.CD,gdp_per_capita_usd,4876.30774512252
ID,2024,NY.GDP.PCAP.CD,gdp_per_capita_usd,4925.43048751861
ID,2010,NY.GDP.MKTP.CD,gdp_total_usd,755094157621.936
ID,2011,NY.GDP.MKTP.CD,gdp_total_usd,892969104563.171
ID,2012,NY.GDP.MKTP.CD,gdp_total_usd,917869913332.649
ID,2013,NY.GDP.MKTP.CD,gdp_total_usd,912524136718.018
ID,2014,NY.GDP.MKTP.CD,gdp_total_usd,890814755533.537
ID,2015,NY.GDP.MKTP.CD,gdp_total_usd,860854232686.214
ID,2016,NY.GDP.MKTP.CD,gdp_total_usd,931877364037.698
ID,2017,NY.GDP.MKTP.CD,gdp_total_usd,1015618744159.73
ID,2018,NY.GDP.MKTP.CD,gdp_total_usd,1042271532988.63
ID,2019,NY.GDP.MKTP.CD,gdp_total_usd,1119099871350.2
ID,2020,NY.GDP.MKTP.CD,gdp_total_usd,1059054842698.48
ID,2021,NY.GDP.MKTP.CD,gdp_total_usd,1186509691086.73
ID,2022,NY.GDP.MKTP.CD,gdp_total_usd,1319101183380.15
ID,2023,NY.GDP.MKTP.CD,gdp_total_usd,1371169301563.62
ID,2024,NY.GDP.MKTP.CD,gdp_total_usd,1396300098190.97
ID,2010,IT.NET.USER.ZS,internet_users_pct,10.92
ID,2011,IT.NET.USER.ZS,internet_users_pct,12.28
ID,2012,IT.NET.USER.ZS,internet_users_pct,14.52
ID,2013,IT.NET.USER.ZS,internet_users_pct,14.94
ID,2014,IT.NET.USER.ZS,internet_users_pct,17.1431598350566
ID,2015,IT.NET.USER.ZS,internet_users_pct,22.062742603379
ID,2016,IT.NET.USER.ZS,internet_users_pct,25.447353701827
ID,2017,IT.NET.USER.ZS,internet_users_pct,32.335806250688
ID,2018,IT.NET.USER.ZS,internet_users_pct,39.9046386385762
ID,2019,IT.NET.USER.ZS,internet_users_pct,47.6906489788375
ID,2020,IT.NET.USER.ZS,internet_users_pct,53.72649449
ID,2021,IT.NET.USER.ZS,internet_users_pct,62.10447842
ID,2022,IT.NET.USER.ZS,internet_users_pct,66.48461277
ID,2023,IT.NET.USER.ZS,internet_users_pct,69.20836554
ID,2024,IT.NET.USER.ZS,internet_users_pct,72.78075544
ID,2010,IT.CEL.SETS.P2,mobile_subs_per_100,85.7838690956097
ID,2011,IT.CEL.SETS.P2,mobile_subs_per_100,100.134519965107
ID,2012,IT.CEL.SETS.P2,mobile_subs_per_100,111.581048999
ID,2013,IT.CEL.SETS.P2,mobile_subs_per_100,122.424816798816
ID,2014,IT.CEL.SETS.P2,mobile_subs_per_100,125.767185647597
ID,2015,IT.CEL.SETS.P2,mobile_subs_per_100,129.468797674053
ID,2016,IT.CEL.SETS.P2,mobile_subs_per_100,145.704251250337
ID,2017,IT.CEL.SETS.P2,mobile_subs_per_100,162.782511760443
ID,2018,IT.CEL.SETS.P2,mobile_subs_per_100,118.330216938024
ID,2019,IT.CEL.SETS.P2,mobile_subs_per_100,125.244348145809
ID,2020,IT.CEL.SETS.P2,mobile_subs_per_100,129.40362112725
ID,2021,IT.CEL.SETS.P2,mobile_subs_per_100,132.199444256099
ID,2022,IT.CEL.SETS.P2,mobile_subs_per_100,122.873012230307
ID,2023,IT.CEL.SETS.P2,mobile_subs_per_100,125.238194847046
ID,2024,IT.CEL.SETS.P2,mobile_subs_per_100,122.514946500491
ID,2010,SP.POP.TOTL,population_total,246305322.0
ID,2011,SP.POP.TOTL,population_total,249470032.0
ID,2012,SP.POP.TOTL,population_total,252698525.0
ID,2013,SP.POP.TOTL,population_total,255852467.0
ID,2014,SP.POP.TOTL,population_total,258877399.0
ID,2015,SP.POP.TOTL,population_total,261799249.0
ID,2016,SP.POP.TOTL,population_total,264627418.0
ID,2017,SP.POP.TOTL,population_total,267346658.0
ID,2018,SP.POP.TOTL,population_total,269951846.0
ID,2019,SP.POP.TOTL,population_total,272489381.0
ID,2020,SP.POP.TOTL,population_total,274814866.0
ID,2021,SP.POP.TOTL,population_total,276758053.0
ID,2022,SP.POP.TOTL,population_total,278830529.0
ID,2023,SP.POP.TOTL,population_total,281190067.0
ID,2024,SP.POP.TOTL,population_total,283487931.0
ID,2010,SP.URB.TOTL.IN.ZS,urban_population_pct,49.8521375148888
ID,2011,SP.URB.TOTL.IN.ZS,urban_population_pct,50.4830017089844
ID,2012,SP.URB.TOTL.IN.ZS,urban_population_pct,51.1593933105469
ID,2013,SP.URB.TOTL.IN.ZS,urban_population_pct,51.8307495117188
ID,2014,SP.URB.TOTL.IN.ZS,urban_population_pct,52.5002136230469
ID,2015,SP.URB.TOTL.IN.ZS,urban_population_pct,53.1720771789551
ID,2016,SP.URB.TOTL.IN.ZS,urban_population_pct,53.812557220459
ID,2017,SP.URB.TOTL.IN.ZS,urban_population_pct,54.4541015625
ID,2018,SP.URB.TOTL.IN.ZS,urban_population_pct,55.0956840515137
ID,2019,SP.URB.TOTL.IN.ZS,urban_population_pct,55.7382049560547
ID,2020,SP.URB.TOTL.IN.ZS,urban_population_pct,56.2785287648768
ID,2021,SP.URB.TOTL.IN.ZS,urban_population_pct,56.8761702464027
ID,2022,SP.URB.TOTL.IN.ZS,urban_population_pct,57.4934704226599
ID,2023,SP.URB.TOTL.IN.ZS,urban_population_pct,58.1179353397878
ID,2024,SP.URB.TOTL.IN.ZS,urban_population_pct,58.7509635387997
IN,2011,FX.OWN.TOTL.ZS,account_ownership_pct_adult,35.2318385316409
IN,2014,FX.OWN.TOTL.ZS,account_ownership_pct_adult,53.1415500480136
IN,2017,FX.OWN.TOTL.ZS,account_ownership_pct_adult,79.8753284971461
IN,2021,FX.OWN.TOTL.ZS,account_ownership_pct_adult,77.5291370626274
IN,2024,FX.OWN.TOTL.ZS,account_ownership_pct_adult,89.0248224502547
IN,2010,BX.KLT.DINV.WD.GD.ZS,fdi_inflow_pct_gdp,1.6350340943491
IN,2011,BX.KLT.DINV.WD.GD.ZS,fdi_inflow_pct_gdp,2.0020634629993
IN,2012,BX.KLT.DINV.WD.GD.ZS,fdi_inflow_pct_gdp,1.31293453035323
IN,2013,BX.KLT.DINV.WD.GD.ZS,fdi_inflow_pct_gdp,1.5162764665975
IN,2014,BX.KLT.DINV.WD.GD.ZS,fdi_inflow_pct_gdp,1.69565958990806
IN,2015,BX.KLT.DINV.WD.GD.ZS,fdi_inflow_pct_gdp,2.09211521443253
IN,2016,BX.KLT.DINV.WD.GD.ZS,fdi_inflow_pct_gdp,1.9373641224439
IN,2017,BX.KLT.DINV.WD.GD.ZS,fdi_inflow_pct_gdp,1.50731583255894
IN,2018,BX.KLT.DINV.WD.GD.ZS,fdi_inflow_pct_gdp,1.55821483801456
IN,2019,BX.KLT.DINV.WD.GD.ZS,fdi_inflow_pct_gdp,1.78482633957161
IN,2020,BX.KLT.DINV.WD.GD.ZS,fdi_inflow_pct_gdp,2.40620322673636
IN,2021,BX.KLT.DINV.WD.GD.ZS,fdi_inflow_pct_gdp,1.41217101040888
IN,2022,BX.KLT.DINV.WD.GD.ZS,fdi_inflow_pct_gdp,1.49248825904
IN,2023,BX.KLT.DINV.WD.GD.ZS,fdi_inflow_pct_gdp,0.771919134264091
IN,2024,BX.KLT.DINV.WD.GD.ZS,fdi_inflow_pct_gdp,0.694133152879562
IN,2010,NY.GDP.PCAP.CD,gdp_per_capita_usd,1347.51939071367
IN,2011,NY.GDP.PCAP.CD,gdp_per_capita_usd,1445.46127486037
IN,2012,NY.GDP.PCAP.CD,gdp_per_capita_usd,1429.32199520032
IN,2013,NY.GDP.PCAP.CD,gdp_per_capita_usd,1432.84397512195
IN,2014,NY.GDP.PCAP.CD,gdp_per_capita_usd,1553.88396075118
IN,2015,NY.GDP.PCAP.CD,gdp_per_capita_usd,1583.99815907985
IN,2016,NY.GDP.PCAP.CD,gdp_per_capita_usd,1707.50892912243
IN,2017,NY.GDP.PCAP.CD,gdp_per_capita_usd,1950.10468280866
IN,2018,NY.GDP.PCAP.CD,gdp_per_capita_usd,1966.25455171679
IN,2019,NY.GDP.PCAP.CD,gdp_per_capita_usd,2041.42863698585
IN,2020,NY.GDP.PCAP.CD,gdp_per_capita_usd,1907.04251637669
IN,2021,NY.GDP.PCAP.CD,gdp_per_capita_usd,2239.61384367482
IN,2022,NY.GDP.PCAP.CD,gdp_per_capita_usd,2347.44829434623
IN,2023,NY.GDP.PCAP.CD,gdp_per_capita_usd,2530.12031278204
IN,2024,NY.GDP.PCAP.CD,gdp_per_capita_usd,2694.73780859961
IN,2010,NY.GDP.MKTP.CD,gdp_total_usd,1675615519484.96
IN,2011,NY.GDP.MKTP.CD,gdp_total_usd,1823051829894.55
IN,2012,NY.GDP.MKTP.CD,gdp_total_usd,1827637590410.41
IN,2013,NY.GDP.MKTP.CD,gdp_total_usd,1856721507621.58
IN,2014,NY.GDP.MKTP.CD,gdp_total_usd,2039126479154.52
IN,2015,NY.GDP.MKTP.CD,gdp_total_usd,2103588360044.94
IN,2016,NY.GDP.MKTP.CD,gdp_total_usd,2294796885663.16
IN,2017,NY.GDP.MKTP.CD,gdp_total_usd,2651474262755.45
IN,2018,NY.GDP.MKTP.CD,gdp_total_usd,2702929641648.74
IN,2019,NY.GDP.MKTP.CD,gdp_total_usd,2835606256558.19
IN,2020,NY.GDP.MKTP.CD,gdp_total_usd,2674851578587.27
IN,2021,NY.GDP.MKTP.CD,gdp_total_usd,3167270623260.47
IN,2022,NY.GDP.MKTP.CD,gdp_total_usd,3346107287730.93
IN,2023,NY.GDP.MKTP.CD,gdp_total_usd,3638489096033.86
IN,2024,NY.GDP.MKTP.CD,gdp_total_usd,3909891533858.08
IN,2010,IT.NET.USER.ZS,internet_users_pct,7.5
IN,2011,IT.NET.USER.ZS,internet_users_pct,10.07
IN,2012,IT.NET.USER.ZS,internet_users_pct,11.10000038
IN,2013,IT.NET.USER.ZS,internet_users_pct,12.30000019
IN,2014,IT.NET.USER.ZS,internet_users_pct,13.5
IN,2015,IT.NET.USER.ZS,internet_users_pct,14.89999962
IN,2016,IT.NET.USER.ZS,internet_users_pct,16.5
IN,2017,IT.NET.USER.ZS,internet_users_pct,18.20000076
IN,2018,IT.NET.USER.ZS,internet_users_pct,20.0813000379384
IN,2019,IT.NET.USER.ZS,internet_users_pct,29.52350044
IN,2020,IT.NET.USER.ZS,internet_users_pct,43.40544313
IN,2021,IT.NET.USER.ZS,internet_users_pct,49.2580986
IN,2022,IT.NET.USER.ZS,internet_users_pct,55.9
IN,2023,IT.NET.USER.ZS,internet_users_pct,60.25230026
IN,2024,IT.NET.USER.ZS,internet_users_pct,64.9434967
IN,2025,IT.NET.USER.ZS,internet_users_pct,70.0
IN,2010,IT.CEL.SETS.P2,mobile_subs_per_100,60.4906435106584
IN,2011,IT.CEL.SETS.P2,mobile_subs_per_100,70.8725652125021
IN,2012,IT.CEL.SETS.P2,mobile_subs_per_100,67.6263517922249
IN,2013,IT.CEL.SETS.P2,mobile_subs_per_100,68.3966708179098
IN,2014,IT.CEL.SETS.P2,mobile_subs_per_100,71.9366825449914
IN,2015,IT.CEL.SETS.P2,mobile_subs_per_100,75.379332347226
IN,2016,IT.CEL.SETS.P2,mobile_subs_per_100,83.917838213735
IN,2017,IT.CEL.SETS.P2,mobile_subs_per_100,85.9703537817688
IN,2018,IT.CEL.SETS.P2,mobile_subs_per_100,85.5500756367908
IN,2019,IT.CEL.SETS.P2,mobile_subs_per_100,82.898144918237
IN,2020,IT.CEL.SETS.P2,mobile_subs_per_100,82.2540479927426
IN,2021,IT.CEL.SETS.P2,mobile_subs_per_100,81.603974311212
IN,2022,IT.CEL.SETS.P2,mobile_subs_per_100,80.1818007717416
IN,2023,IT.CEL.SETS.P2,mobile_subs_per_100,80.5631998772888
IN,2024,IT.CEL.SETS.P2,mobile_subs_per_100,79.3526921826412
IN,2010,SP.POP.TOTL,population_total,1243481564.0
IN,2011,SP.POP.TOTL,population_total,1261224954.0
IN,2012,SP.POP.TOTL,population_total,1278674502.0
IN,2013,SP.POP.TOTL,population_total,1295829511.0
IN,2014,SP.POP.TOTL,population_total,1312277191.0
IN,2015,SP.POP.TOTL,population_total,1328024498.0
IN,2016,SP.POP.TOTL,population_total,1343944296.0
IN,2017,SP.POP.TOTL,population_total,1359657400.0
IN,2018,SP.POP.TOTL,population_total,1374659064.0
IN,2019,SP.POP.TOTL,population_total,1389030312.0
IN,2020,SP.POP.TOTL,population_total,1402617695.0
IN,2021,SP.POP.TOTL,population_total,1414203896.0
IN,2022,SP.POP.TOTL,population_total,1425423212.0
IN,2023,SP.POP.TOTL,population_total,1438069596.0
IN,2024,SP.POP.TOTL,population_total,1450935791.0
IN,2010,SP.URB.TOTL.IN.ZS,urban_population_pct,30.9042190810094
IN,2011,SP.URB.TOTL.IN.ZS,urban_population_pct,31.2746502853309
IN,2012,SP.URB.TOTL.IN.ZS,urban_population_pct,31.5898935604399
IN,2013,SP.URB.TOTL.IN.ZS,urban_population_pct,31.9096789235237
IN,2014,SP.URB.TOTL.IN.ZS,urban_population_pct,32.2288233408821
IN,2015,SP.URB.TOTL.IN.ZS,urban_population_pct,32.5472990022299
IN,2016,SP.URB.TOTL.IN.ZS,urban_population_pct,32.8650780972823
IN,2017,SP.URB.TOTL.IN.ZS,urban_population_pct,33.1821328157539
IN,2018,SP.URB.TOTL.IN.ZS,urban_population_pct,33.4984353473598
IN,2019,SP.URB.TOTL.IN.ZS,urban_population_pct,33.8139578818147
IN,2020,SP.URB.TOTL.IN.ZS,urban_population_pct,34.1286726088333
IN,2021,SP.URB.TOTL.IN.ZS,urban_population_pct,34.4425517181304
IN,2022,SP.URB.TOTL.IN.ZS,urban_population_pct,34.7555673994206
IN,2023,SP.URB.TOTL.IN.ZS,urban_population_pct,35.0676918424186
IN,2024,SP.URB.TOTL.IN.ZS,urban_population_pct,35.3788972368389
JP,2011,FX.OWN.TOTL.ZS,account_ownership_pct_adult,96.4220483126666
JP,2014,FX.OWN.TOTL.ZS,account_ownership_pct_adult,96.6455822293813
JP,2017,FX.OWN.TOTL.ZS,account_ownership_pct_adult,98.2433920065994
JP,2021,FX.OWN.TOTL.ZS,account_ownership_pct_adult,98.4894200399726
JP,2024,FX.OWN.TOTL.ZS,account_ownership_pct_adult,98.5235592091779
JP,2010,BX.KLT.DINV.WD.GD.ZS,fdi_inflow_pct_gdp,0.12920448958805
JP,2011,BX.KLT.DINV.WD.GD.ZS,fdi_inflow_pct_gdp,-0.0136482744839263
JP,2012,BX.KLT.DINV.WD.GD.ZS,fdi_inflow_pct_gdp,0.00872020150189608
JP,2013,BX.KLT.DINV.WD.GD.ZS,fdi_inflow_pct_gdp,0.204293384186424
JP,2014,BX.KLT.DINV.WD.GD.ZS,fdi_inflow_pct_gdp,0.403354543401035
JP,2015,BX.KLT.DINV.WD.GD.ZS,fdi_inflow_pct_gdp,0.118161987748241
JP,2016,BX.KLT.DINV.WD.GD.ZS,fdi_inflow_pct_gdp,0.818481615264516
JP,2017,BX.KLT.DINV.WD.GD.ZS,fdi_inflow_pct_gdp,0.381319638034272
JP,2018,BX.KLT.DINV.WD.GD.ZS,fdi_inflow_pct_gdp,0.501685482403774
JP,2019,BX.KLT.DINV.WD.GD.ZS,fdi_inflow_pct_gdp,0.780785313301259
JP,2020,BX.KLT.DINV.WD.GD.ZS,fdi_inflow_pct_gdp,1.23830386396694
JP,2021,BX.KLT.DINV.WD.GD.ZS,fdi_inflow_pct_gdp,0.695100892094565
JP,2022,BX.KLT.DINV.WD.GD.ZS,fdi_inflow_pct_gdp,1.12971840820326
JP,2023,BX.KLT.DINV.WD.GD.ZS,fdi_inflow_pct_gdp,0.474278368651713
JP,2024,BX.KLT.DINV.WD.GD.ZS,fdi_inflow_pct_gdp,0.401239653950032
JP,2010,NY.GDP.PCAP.CD,gdp_per_capita_usd,44968.1562349739
JP,2011,NY.GDP.PCAP.CD,gdp_per_capita_usd,48760.0789494211
JP,2012,NY.GDP.PCAP.CD,gdp_per_capita_usd,49145.2804308193
JP,2013,NY.GDP.PCAP.CD,gdp_per_capita_usd,40898.6478964744
JP,2014,NY.GDP.PCAP.CD,gdp_per_capita_usd,38475.3952461838
JP,2015,NY.GDP.PCAP.CD,gdp_per_capita_usd,34960.6393843385
JP,2016,NY.GDP.PCAP.CD,gdp_per_capita_usd,39375.4731620781
JP,2017,NY.GDP.PCAP.CD,gdp_per_capita_usd,38834.0529341227
JP,2018,NY.GDP.PCAP.CD,gdp_per_capita_usd,39751.1330982711
JP,2019,NY.GDP.PCAP.CD,gdp_per_capita_usd,40415.9567649547
JP,2020,NY.GDP.PCAP.CD,gdp_per_capita_usd,40028.7341726762
JP,2021,NY.GDP.PCAP.CD,gdp_per_capita_usd,40094.5599795288
JP,2022,NY.GDP.PCAP.CD,gdp_per_capita_usd,34065.6438962526
JP,2023,NY.GDP.PCAP.CD,gdp_per_capita_usd,33836.1756271617
JP,2024,NY.GDP.PCAP.CD,gdp_per_capita_usd,32487.0778047567
JP,2010,NY.GDP.MKTP.CD,gdp_total_usd,5759071769013.11
JP,2011,NY.GDP.MKTP.CD,gdp_total_usd,6233147172341.35
JP,2012,NY.GDP.MKTP.CD,gdp_total_usd,6272362996105.03
JP,2013,NY.GDP.MKTP.CD,gdp_total_usd,5212328181166.18
JP,2014,NY.GDP.MKTP.CD,gdp_total_usd,4896994405353.29
JP,2015,NY.GDP.MKTP.CD,gdp_total_usd,4444930651964.18
JP,2016,NY.GDP.MKTP.CD,gdp_total_usd,5003677627544.24
JP,2017,NY.GDP.MKTP.CD,gdp_total_usd,4930837369151.42
JP,2018,NY.GDP.MKTP.CD,gdp_total_usd,5040880939324.86
JP,2019,NY.GDP.MKTP.CD,gdp_total_usd,5117993853016.51
JP,2020,NY.GDP.MKTP.CD,gdp_total_usd,5054068005376.28
JP,2021,NY.GDP.MKTP.CD,gdp_total_usd,5039148168861.22
JP,2022,NY.GDP.MKTP.CD,gdp_total_usd,4262463317796.53
JP,2023,NY.GDP.MKTP.CD,gdp_total_usd,4213167237905.83
JP,2024,NY.GDP.MKTP.CD,gdp_total_usd,4027597523550.58
JP,2010,IT.NET.USER.ZS,internet_users_pct,78.21
JP,2011,IT.NET.USER.ZS,internet_users_pct,79.0541135244739
JP,2012,IT.NET.USER.ZS,internet_users_pct,79.4964
JP,2013,IT.NET.USER.ZS,internet_users_pct,88.219428911
JP,2014,IT.NET.USER.ZS,internet_users_pct,89.1068330166075
JP,2015,IT.NET.USER.ZS,internet_users_pct,91.0580283929962
JP,2016,IT.NET.USER.ZS,internet_users_pct,93.1827212821617
JP,2017,IT.NET.USER.ZS,internet_users_pct,91.7265472366635
JP,2018,IT.NET.USER.ZS,internet_users_pct,88.7463508901772
JP,2019,IT.NET.USER.ZS,internet_users_pct,92.7303978145525
JP,2020,IT.NET.USER.ZS,internet_users_pct,90.21945812
JP,2021,IT.NET.USER.ZS,internet_users_pct,82.91407928
JP,2022,IT.NET.USER.ZS,internet_users_pct,84.92343147
JP,2023,IT.NET.USER.ZS,internet_users_pct,85.00990295
JP,2024,IT.NET.USER.ZS,internet_users_pct,85.54153081
JP,2010,IT.CEL.SETS.P2,mobile_subs_per_100,96.1788512760143
JP,2011,IT.CEL.SETS.P2,mobile_subs_per_100,103.641547955059
JP,2012,IT.CEL.SETS.P2,mobile_subs_per_100,110.319058838317
JP,2013,IT.CEL.SETS.P2,mobile_subs_per_100,115.787169243408
JP,2014,IT.CEL.SETS.P2,mobile_subs_per_100,123.822099584501
JP,2015,IT.CEL.SETS.P2,mobile_subs_per_100,126.150959704287
JP,2016,IT.CEL.SETS.P2,mobile_subs_per_100,131.214861037498
JP,2017,IT.CEL.SETS.P2,mobile_subs_per_100,135.985843116605
JP,2018,IT.CEL.SETS.P2,mobile_subs_per_100,141.728728918149
JP,2019,IT.CEL.SETS.P2,mobile_subs_per_100,147.209910756974
JP,2020,IT.CEL.SETS.P2,mobile_subs_per_100,154.432206765516
JP,2021,IT.CEL.SETS.P2,mobile_subs_per_100,159.516123485628
JP,2022,IT.CEL.SETS.P2,mobile_subs_per_100,168.602943650636
JP,2023,IT.CEL.SETS.P2,mobile_subs_per_100,178.432441299977
JP,2010,SP.POP.TOTL,population_total,128070000.0
JP,2011,SP.POP.TOTL,population_total,127833000.0
JP,2012,SP.POP.TOTL,population_total,127629000.0
JP,2013,SP.POP.TOTL,population_total,127445000.0
JP,2014,SP.POP.TOTL,population_total,127276000.0
JP,2015,SP.POP.TOTL,population_total,127141000.0
JP,2016,SP.POP.TOTL,population_total,127076000.0
JP,2017,SP.POP.TOTL,population_total,126972000.0
JP,2018,SP.POP.TOTL,population_total,126811000.0
JP,2019,SP.POP.TOTL,population_total,126633000.0
JP,2020,SP.POP.TOTL,population_total,126261000.0
JP,2021,SP.POP.TOTL,population_total,125681593.0
JP,2022,SP.POP.TOTL,population_total,125124989.0
JP,2023,SP.POP.TOTL,population_total,124516650.0
JP,2024,SP.POP.TOTL,population_total,123975371.0
JP,2010,SP.URB.TOTL.IN.ZS,urban_population_pct,90.6228586840649
JP,2011,SP.URB.TOTL.IN.ZS,urban_population_pct,90.8631654434251
JP,2012,SP.URB.TOTL.IN.ZS,urban_population_pct,91.0265277326652
JP,2013,SP.URB.TOTL.IN.ZS,urban_population_pct,91.1516595654317
JP,2014,SP.URB.TOTL.IN.ZS,urban_population_pct,91.2548945132333
JP,2015,SP.URB.TOTL.IN.ZS,urban_population_pct,91.3532644103625
JP,2016,SP.URB.TOTL.IN.ZS,urban_population_pct,91.4541254852142
JP,2017,SP.URB.TOTL.IN.ZS,urban_population_pct,91.5498419685883
JP,2018,SP.URB.TOTL.IN.ZS,urban_population_pct,91.6377318609728
JP,2019,SP.URB.TOTL.IN.ZS,urban_population_pct,91.7164207898107
JP,2020,SP.URB.TOTL.IN.ZS,urban_population_pct,91.7809926267889
JP,2021,SP.URB.TOTL.IN.ZS,urban_population_pct,91.8741049279527
JP,2022,SP.URB.TOTL.IN.ZS,urban_population_pct,91.9776532428406
JP,2023,SP.URB.TOTL.IN.ZS,urban_population_pct,92.0826903891473
JP,2024,SP.URB.TOTL.IN.ZS,urban_population_pct,92.1901718034531
KR,2011,FX.OWN.TOTL.ZS,account_ownership_pct_adult,93.0468690333371
KR,2014,FX.OWN.TOTL.ZS,account_ownership_pct_adult,94.3608135378731
KR,2017,FX.OWN.TOTL.ZS,account_ownership_pct_adult,94.8510126919781
KR,2021,FX.OWN.TOTL.ZS,account_ownership_pct_adult,98.6713470938187
KR,2024,FX.OWN.TOTL.ZS,account_ownership_pct_adult,96.8949448884961
KR,2010,BX.KLT.DINV.WD.GD.ZS,fdi_inflow_pct_gdp,0.796207328344812
KR,2011,BX.KLT.DINV.WD.GD.ZS,fdi_inflow_pct_gdp,0.747683727442323
KR,2012,BX.KLT.DINV.WD.GD.ZS,fdi_inflow_pct_gdp,0.711120351080011
KR,2013,BX.KLT.DINV.WD.GD.ZS,fdi_inflow_pct_gdp,0.889863368558993
KR,2014,BX.KLT.DINV.WD.GD.ZS,fdi_inflow_pct_gdp,0.595893048504325
KR,2015,BX.KLT.DINV.WD.GD.ZS,fdi_inflow_pct_gdp,0.266636382581676
KR,2016,BX.KLT.DINV.WD.GD.ZS,fdi_inflow_pct_gdp,0.766507046338007
KR,2017,BX.KLT.DINV.WD.GD.ZS,fdi_inflow_pct_gdp,1.04741749331971
KR,2018,BX.KLT.DINV.WD.GD.ZS,fdi_inflow_pct_gdp,0.66781363782051
KR,2019,BX.KLT.DINV.WD.GD.ZS,fdi_inflow_pct_gdp,0.550202642546341
KR,2020,BX.KLT.DINV.WD.GD.ZS,fdi_inflow_pct_gdp,0.502554290313687
KR,2021,BX.KLT.DINV.WD.GD.ZS,fdi_inflow_pct_gdp,1.13577953855347
KR,2022,BX.KLT.DINV.WD.GD.ZS,fdi_inflow_pct_gdp,1.39186469730544
KR,2023,BX.KLT.DINV.WD.GD.ZS,fdi_inflow_pct_gdp,1.00819007911736
KR,2024,BX.KLT.DINV.WD.GD.ZS,fdi_inflow_pct_gdp,0.685857996519477
KR,2010,NY.GDP.PCAP.CD,gdp_per_capita_usd,24071.2620526362
KR,2011,NY.GDP.PCAP.CD,gdp_per_capita_usd,26175.2398553363
KR,2012,NY.GDP.PCAP.CD,gdp_per_capita_usd,26600.5477433903
KR,2013,NY.GDP.PCAP.CD,gdp_per_capita_usd,28449.3591104972
KR,2014,NY.GDP.PCAP.CD,gdp_per_capita_usd,30667.0912467447
KR,2015,NY.GDP.PCAP.CD,gdp_per_capita_usd,30171.7906545222
KR,2016,NY.GDP.PCAP.CD,gdp_per_capita_usd,30832.0628072516
KR,2017,NY.GDP.PCAP.CD,gdp_per_capita_usd,33296.9845439195
KR,2018,NY.GDP.PCAP.CD,gdp_per_capita_usd,35363.9508228687
KR,2019,NY.GDP.PCAP.CD,gdp_per_capita_usd,33826.9443301597
KR,2020,NY.GDP.PCAP.CD,gdp_per_capita_usd,33645.7719545073
KR,2021,NY.GDP.PCAP.CD,gdp_per_capita_usd,37518.4635305697
KR,2022,NY.GDP.PCAP.CD,gdp_per_capita_usd,34822.4048404971
KR,2023,NY.GDP.PCAP.CD,gdp_per_capita_usd,35674.095995632
KR,2024,NY.GDP.PCAP.CD,gdp_per_capita_usd,36238.639908315
KR,2010,NY.GDP.MKTP.CD,gdp_total_usd,1192830015737.68
KR,2011,NY.GDP.MKTP.CD,gdp_total_usd,1307103477219.1
KR,2012,NY.GDP.MKTP.CD,gdp_total_usd,1335343586437.67
KR,2013,NY.GDP.MKTP.CD,gdp_total_usd,1434669686501.84
KR,2014,NY.GDP.MKTP.CD,gdp_total_usd,1556252422020.44
KR,2015,NY.GDP.MKTP.CD,gdp_total_usd,1539212301135.55
KR,2016,NY.GDP.MKTP.CD,gdp_total_usd,1579150518945.44
KR,2017,NY.GDP.MKTP.CD,gdp_total_usd,1710196756713.17
KR,2018,NY.GDP.MKTP.CD,gdp_total_usd,1824251454306.83
KR,2019,NY.GDP.MKTP.CD,gdp_total_usd,1751045752054.63
KR,2020,NY.GDP.MKTP.CD,gdp_total_usd,1744070276373.34
KR,2021,NY.GDP.MKTP.CD,gdp_total_usd,1942313560965.9
KR,2022,NY.GDP.MKTP.CD,gdp_total_usd,1799363116866.52
KR,2023,NY.GDP.MKTP.CD,gdp_total_usd,1844800934391.54
KR,2024,NY.GDP.MKTP.CD,gdp_total_usd,1875388209406.8
KR,2010,IT.NET.USER.ZS,internet_users_pct,83.7
KR,2011,IT.NET.USER.ZS,internet_users_pct,83.7591201534472
KR,2012,IT.NET.USER.ZS,internet_users_pct,84.07
KR,2013,IT.NET.USER.ZS,internet_users_pct,84.77
KR,2014,IT.NET.USER.ZS,internet_users_pct,87.5568264944747
KR,2015,IT.NET.USER.ZS,internet_users_pct,89.8962557995106
KR,2016,IT.NET.USER.ZS,internet_users_pct,92.8430256796075
KR,2017,IT.NET.USER.ZS,internet_users_pct,95.0694218761004
KR,2018,IT.NET.USER.ZS,internet_users_pct,96.0228595797887
KR,2019,IT.NET.USER.ZS,internet_users_pct,96.157579184239
KR,2020,IT.NET.USER.ZS,internet_users_pct,96.50506052
KR,2021,IT.NET.USER.ZS,internet_users_pct,97.57132698
KR,2022,IT.NET.USER.ZS,internet_users_pct,97.16855335
KR,2023,IT.NET.USER.ZS,internet_users_pct,97.41597478
KR,2024,IT.NET.USER.ZS,internet_users_pct,97.89563777
KR,2010,IT.CEL.SETS.P2,mobile_subs_per_100,104.09665032935
KR,2011,IT.CEL.SETS.P2,mobile_subs_per_100,106.878306781378
KR,2012,IT.CEL.SETS.P2,mobile_subs_per_100,108.114681779859
KR,2013,IT.CEL.SETS.P2,mobile_subs_per_100,109.206248930023
KR,2014,IT.CEL.SETS.P2,mobile_subs_per_100,113.358579550833
KR,2015,IT.CEL.SETS.P2,mobile_subs_per_100,115.595447050042
KR,2016,IT.CEL.SETS.P2,mobile_subs_per_100,119.489512998783
KR,2017,IT.CEL.SETS.P2,mobile_subs_per_100,123.642066127533
KR,2018,IT.CEL.SETS.P2,mobile_subs_per_100,128.494634504197
KR,2019,IT.CEL.SETS.P2,mobile_subs_per_100,133.079790493891
KR,2020,IT.CEL.SETS.P2,mobile_subs_per_100,135.973274343048
KR,2021,IT.CEL.SETS.P2,mobile_subs_per_100,140.516382791931
KR,2022,IT.CEL.SETS.P2,mobile_subs_per_100,148.68360770138
KR,2023,IT.CEL.SETS.P2,mobile_subs_per_100,162.11365652794
KR,2024,IT.CEL.SETS.P2,mobile_subs_per_100,172.520241179065
KR,2010,SP.POP.TOTL,population_total,49554112.0
KR,2011,SP.POP.TOTL,population_total,49936638.0
KR,2012,SP.POP.TOTL,population_total,50199853.0
KR,2013,SP.POP.TOTL,population_total,50428893.0
KR,2014,SP.POP.TOTL,population_total,50746659.0
KR,2015,SP.POP.TOTL,population_total,51014947.0
KR,2016,SP.POP.TOTL,population_total,51217803.0
KR,2017,SP.POP.TOTL,population_total,51361911.0
KR,2018,SP.POP.TOTL,population_total,51585058.0
KR,2019,SP.POP.TOTL,population_total,51764822.0
KR,2020,SP.POP.TOTL,population_total,51836239.0
KR,2021,SP.POP.TOTL,population_total,51769539.0
KR,2022,SP.POP.TOTL,population_total,51672569.0
KR,2023,SP.POP.TOTL,population_total,51712619.0
KR,2024,SP.POP.TOTL,population_total,51751065.0
KR,2010,SP.URB.TOTL.IN.ZS,urban_population_pct,81.9685075986486
KR,2011,SP.URB.TOTL.IN.ZS,urban_population_pct,81.9615408086376
KR,2012,SP.URB.TOTL.IN.ZS,urban_population_pct,81.9087898200378
KR,2013,SP.URB.TOTL.IN.ZS,urban_population_pct,81.8269383502703
KR,2014,SP.URB.TOTL.IN.ZS,urban_population_pct,81.7315682816954
KR,2015,SP.URB.TOTL.IN.ZS,urban_population_pct,81.639489860678
KR,2016,SP.URB.TOTL.IN.ZS,urban_population_pct,81.5559241797057
KR,2017,SP.URB.TOTL.IN.ZS,urban_population_pct,81.471030429984
KR,2018,SP.URB.TOTL.IN.ZS,urban_population_pct,81.3823523035196
KR,2019,SP.URB.TOTL.IN.ZS,urban_population_pct,81.2901063535619
KR,2020,SP.URB.TOTL.IN.ZS,urban_population_pct,81.1759595622913
KR,2021,SP.URB.TOTL.IN.ZS,urban_population_pct,81.1616526507785
KR,2022,SP.URB.TOTL.IN.ZS,urban_population_pct,81.1624941626873
KR,2023,SP.URB.TOTL.IN.ZS,urban_population_pct,81.1645551720421
KR,2024,SP.URB.TOTL.IN.ZS,urban_population_pct,81.1682528469686
PL,2011,FX.OWN.TOTL.ZS,account_ownership_pct_adult,70.1942895305774
PL,2014,FX.OWN.TOTL.ZS,account_ownership_pct_adult,77.8621706046997
PL,2017,FX.OWN.TOTL.ZS,account_ownership_pct_adult,86.7333029909929
PL,2021,FX.OWN.TOTL.ZS,account_ownership_pct_adult,95.7201672270221
PL,2024,FX.OWN.TOTL.ZS,account_ownership_pct_adult,86.1367117566539
PL,2010,BX.KLT.DINV.WD.GD.ZS,fdi_inflow_pct_gdp,3.94489462074706
PL,2011,BX.KLT.DINV.WD.GD.ZS,fdi_inflow_pct_gdp,3.57128957712437
PL,2012,BX.KLT.DINV.WD.GD.ZS,fdi_inflow_pct_gdp,1.52886091421625
PL,2013,BX.KLT.DINV.WD.GD.ZS,fdi_inflow_pct_gdp,0.258983446617592
PL,2014,BX.KLT.DINV.WD.GD.ZS,fdi_inflow_pct_gdp,3.85089176515991
PL,2015,BX.KLT.DINV.WD.GD.ZS,fdi_inflow_pct_gdp,3.29546177974363
PL,2016,BX.KLT.DINV.WD.GD.ZS,fdi_inflow_pct_gdp,3.81608753667806
PL,2017,BX.KLT.DINV.WD.GD.ZS,fdi_inflow_pct_gdp,2.37812836572029
PL,2018,BX.KLT.DINV.WD.GD.ZS,fdi_inflow_pct_gdp,3.34803923662527
PL,2019,BX.KLT.DINV.WD.GD.ZS,fdi_inflow_pct_gdp,3.15455649244208
PL,2020,BX.KLT.DINV.WD.GD.ZS,fdi_inflow_pct_gdp,3.31499059495462
PL,2021,BX.KLT.DINV.WD.GD.ZS,fdi_inflow_pct_gdp,5.44306737738578
PL,2022,BX.KLT.DINV.WD.GD.ZS,fdi_inflow_pct_gdp,6.00626096603428
PL,2023,BX.KLT.DINV.WD.GD.ZS,fdi_inflow_pct_gdp,4.38918673390545
PL,2024,BX.KLT.DINV.WD.GD.ZS,fdi_inflow_pct_gdp,2.24523191798779
PL,2010,NY.GDP.PCAP.CD,gdp_per_capita_usd,12567.7317676382
PL,2011,NY.GDP.PCAP.CD,gdp_per_capita_usd,13867.6669408192
PL,2012,NY.GDP.PCAP.CD,gdp_per_capita_usd,13087.420943321
PL,2013,NY.GDP.PCAP.CD,gdp_per_capita_usd,13621.9023794031
PL,2014,NY.GDP.PCAP.CD,gdp_per_capita_usd,14262.2841914116
PL,2015,NY.GDP.PCAP.CD,gdp_per_capita_usd,12637.5220324406
PL,2016,NY.GDP.PCAP.CD,gdp_per_capita_usd,12464.0110508476
PL,2017,NY.GDP.PCAP.CD,gdp_per_capita_usd,13913.3402919927
PL,2018,NY.GDP.PCAP.CD,gdp_per_capita_usd,15658.2120316794
PL,2019,NY.GDP.PCAP.CD,gdp_per_capita_usd,15874.5220531254
PL,2020,NY.GDP.PCAP.CD,gdp_per_capita_usd,16150.9304813473
PL,2021,NY.GDP.PCAP.CD,gdp_per_capita_usd,18635.5104895754
PL,2022,NY.GDP.PCAP.CD,gdp_per_capita_usd,18891.2121169279
PL,2023,NY.GDP.PCAP.CD,gdp_per_capita_usd,22145.2660647429
PL,2024,NY.GDP.PCAP.CD,gdp_per_capita_usd,25103.565661423
PL,2010,NY.GDP.MKTP.CD,gdp_total_usd,478111630683.514
PL,2011,NY.GDP.MKTP.CD,gdp_total_usd,527848543023.469
PL,2012,NY.GDP.MKTP.CD,gdp_total_usd,498148649702.66
PL,2013,NY.GDP.MKTP.CD,gdp_total_usd,518179836405.36
PL,2014,NY.GDP.MKTP.CD,gdp_total_usd,542134167178.627
PL,2015,NY.GDP.MKTP.CD,gdp_total_usd,480054118583.367
PL,2016,NY.GDP.MKTP.CD,gdp_total_usd,473259583969.643
PL,2017,NY.GDP.MKTP.CD,gdp_total_usd,528356676667.211
PL,2018,NY.GDP.MKTP.CD,gdp_total_usd,594616687350.017
PL,2019,NY.GDP.MKTP.CD,gdp_total_usd,602683770144.88
PL,2020,NY.GDP.MKTP.CD,gdp_total_usd,605914237903.742
PL,2021,NY.GDP.MKTP.CD,gdp_total_usd,689170230665.35
PL,2022,NY.GDP.MKTP.CD,gdp_total_usd,695607470875.276
PL,2023,NY.GDP.MKTP.CD,gdp_total_usd,812451193396.143
PL,2024,NY.GDP.MKTP.CD,gdp_total_usd,917767106146.761
PL,2010,IT.NET.USER.ZS,internet_users_pct,62.32
PL,2011,IT.NET.USER.ZS,internet_users_pct,61.94999896898
PL,2012,IT.NET.USER.ZS,internet_users_pct,62.3099972714691
PL,2013,IT.NET.USER.ZS,internet_users_pct,62.8492
PL,2014,IT.NET.USER.ZS,internet_users_pct,66.5987360557248
PL,2015,IT.NET.USER.ZS,internet_users_pct,67.9969871556415
PL,2016,IT.NET.USER.ZS,internet_users_pct,73.3007040962669
PL,2017,IT.NET.USER.ZS,internet_users_pct,75.9853659493832
PL,2018,IT.NET.USER.ZS,internet_users_pct,77.5417345350006
PL,2019,IT.NET.USER.ZS,internet_users_pct,80.4359068768673
PL,2020,IT.NET.USER.ZS,internet_users_pct,83.18488715
PL,2021,IT.NET.USER.ZS,internet_users_pct,85.37490906
PL,2022,IT.NET.USER.ZS,internet_users_pct,86.94113479
PL,2023,IT.NET.USER.ZS,internet_users_pct,86.414744
PL,2024,IT.NET.USER.ZS,internet_users_pct,88.58496367
PL,2010,IT.CEL.SETS.P2,mobile_subs_per_100,123.248926095995
PL,2011,IT.CEL.SETS.P2,mobile_subs_per_100,131.279778766286
PL,2012,IT.CEL.SETS.P2,mobile_subs_per_100,141.409735570098
PL,2013,IT.CEL.SETS.P2,mobile_subs_per_100,148.912446350899
PL,2014,IT.CEL.SETS.P2,mobile_subs_per_100,148.713283559361
PL,2015,IT.CEL.SETS.P2,mobile_subs_per_100,142.520207198425
PL,2016,IT.CEL.SETS.P2,mobile_subs_per_100,138.518696718641
PL,2017,IT.CEL.SETS.P2,mobile_subs_per_100,131.901471911132
PL,2018,IT.CEL.SETS.P2,mobile_subs_per_100,126.266191655563
PL,2019,IT.CEL.SETS.P2,mobile_subs_per_100,126.597314882311
PL,2020,IT.CEL.SETS.P2,mobile_subs_per_100,129.288487295019
PL,2021,IT.CEL.SETS.P2,mobile_subs_per_100,132.987203939653
PL,2022,IT.CEL.SETS.P2,mobile_subs_per_100,137.002148115476
PL,2023,IT.CEL.SETS.P2,mobile_subs_per_100,135.146301442691
PL,2024,IT.CEL.SETS.P2,mobile_subs_per_100,138.016156588197
PL,2010,SP.POP.TOTL,population_total,38042794.0
PL,2011,SP.POP.TOTL,population_total,38063255.0
PL,2012,SP.POP.TOTL,population_total,38063164.0
PL,2013,SP.POP.TOTL,population_total,38040196.0
PL,2014,SP.POP.TOTL,population_total,38011735.0
PL,2015,SP.POP.TOTL,population_total,37986412.0
PL,2016,SP.POP.TOTL,population_total,37970087.0
PL,2017,SP.POP.TOTL,population_total,37974826.0
PL,2018,SP.POP.TOTL,population_total,37974750.0
PL,2019,SP.POP.TOTL,population_total,37965475.0
PL,2020,SP.POP.TOTL,population_total,37515748.0
PL,2021,SP.POP.TOTL,population_total,36981559.0
PL,2022,SP.POP.TOTL,population_total,36821749.0
PL,2023,SP.POP.TOTL,population_total,36687353.0
PL,2024,SP.POP.TOTL,population_total,36559233.0
PL,2010,SP.URB.TOTL.IN.ZS,urban_population_pct,60.8474783987677
PL,2011,SP.URB.TOTL.IN.ZS,urban_population_pct,60.7357090652544
PL,2012,SP.URB.TOTL.IN.ZS,urban_population_pct,60.6341632788866
PL,2013,SP.URB.TOTL.IN.ZS,urban_population_pct,60.5333187465323
PL,2014,SP.URB.TOTL.IN.ZS,urban_population_pct,60.4340063344328
PL,2015,SP.URB.TOTL.IN.ZS,urban_population_pct,60.3362886805635
PL,2016,SP.URB.TOTL.IN.ZS,urban_population_pct,60.2402284228997
PL,2017,SP.URB.TOTL.IN.ZS,urban_population_pct,60.145888199417
PL,2018,SP.URB.TOTL.IN.ZS,urban_population_pct,60.0533306480907
PL,2019,SP.URB.TOTL.IN.ZS,urban_population_pct,59.9626184068963
PL,2020,SP.URB.TOTL.IN.ZS,urban_population_pct,59.8738141138092
PL,2021,SP.URB.TOTL.IN.ZS,urban_population_pct,59.8096513205543
PL,2022,SP.URB.TOTL.IN.ZS,urban_population_pct,59.8315488048321
PL,2023,SP.URB.TOTL.IN.ZS,urban_population_pct,59.8859561370214
PL,2024,SP.URB.TOTL.IN.ZS,urban_population_pct,59.9705468695101
SG,2011,FX.OWN.TOTL.ZS,account_ownership_pct_adult,98.221892306584
SG,2014,FX.OWN.TOTL.ZS,account_ownership_pct_adult,96.3525997735924
SG,2017,FX.OWN.TOTL.ZS,account_ownership_pct_adult,97.9311709923804
SG,2021,FX.OWN.TOTL.ZS,account_ownership_pct_adult,97.5498512325819
SG,2024,FX.OWN.TOTL.ZS,account_ownership_pct_adult,97.9718288419762
SG,2010,BX.KLT.DINV.WD.GD.ZS,fdi_inflow_pct_gdp,23.0694716770802
SG,2011,BX.KLT.DINV.WD.GD.ZS,fdi_inflow_pct_gdp,17.5960314065854
SG,2012,BX.KLT.DINV.WD.GD.ZS,fdi_inflow_pct_gdp,18.7435244231802
SG,2013,BX.KLT.DINV.WD.GD.ZS,fdi_inflow_pct_gdp,20.9344810446532
SG,2014,BX.KLT.DINV.WD.GD.ZS,fdi_inflow_pct_gdp,21.8184880782679
SG,2015,BX.KLT.DINV.WD.GD.ZS,fdi_inflow_pct_gdp,22.6541826890491
SG,2016,BX.KLT.DINV.WD.GD.ZS,fdi_inflow_pct_gdp,20.3766287562495
SG,2017,BX.KLT.DINV.WD.GD.ZS,fdi_inflow_pct_gdp,29.6706336940046
SG,2018,BX.KLT.DINV.WD.GD.ZS,fdi_inflow_pct_gdp,22.8377290626019
SG,2019,BX.KLT.DINV.WD.GD.ZS,fdi_inflow_pct_gdp,28.2256543399099
SG,2020,BX.KLT.DINV.WD.GD.ZS,fdi_inflow_pct_gdp,22.7176808064108
SG,2021,BX.KLT.DINV.WD.GD.ZS,fdi_inflow_pct_gdp,32.5964610130302
SG,2022,BX.KLT.DINV.WD.GD.ZS,fdi_inflow_pct_gdp,28.3188156351916
SG,2023,BX.KLT.DINV.WD.GD.ZS,fdi_inflow_pct_gdp,24.8866145212528
SG,2024,BX.KLT.DINV.WD.GD.ZS,fdi_inflow_pct_gdp,24.676735941018
SG,2010,NY.GDP.PCAP.CD,gdp_per_capita_usd,47236.683084953
SG,2011,NY.GDP.PCAP.CD,gdp_per_capita_usd,53891.4570264372
SG,2012,NY.GDP.PCAP.CD,gdp_per_capita_usd,55547.5553077786
SG,2013,NY.GDP.PCAP.CD,gdp_per_capita_usd,56967.4257940383
SG,2014,NY.GDP.PCAP.CD,gdp_per_capita_usd,57564.8023114977
SG,2015,NY.GDP.PCAP.CD,gdp_per_capita_usd,55645.6068614606
SG,2016,NY.GDP.PCAP.CD,gdp_per_capita_usd,57005.5887176547
SG,2017,NY.GDP.PCAP.CD,gdp_per_capita_usd,61236.251270627
SG,2018,NY.GDP.PCAP.CD,gdp_per_capita_usd,66881.6067035265
SG,2019,NY.GDP.PCAP.CD,gdp_per_capita_usd,65952.0378959293
SG,2020,NY.GDP.PCAP.CD,gdp_per_capita_usd,61410.0792630788
SG,2021,NY.GDP.PCAP.CD,gdp_per_capita_usd,80056.1288247844
SG,2022,NY.GDP.PCAP.CD,gdp_per_capita_usd,90299.0694637269
SG,2023,NY.GDP.PCAP.CD,gdp_per_capita_usd,85412.230345235
SG,2024,NY.GDP.PCAP.CD,gdp_per_capita_usd,90674.066632628
SG,2010,NY.GDP.MKTP.CD,gdp_total_usd,239807980591.24
SG,2011,NY.GDP.MKTP.CD,gdp_total_usd,279356499090.458
SG,2012,NY.GDP.MKTP.CD,gdp_total_usd,295092888076.589
SG,2013,NY.GDP.MKTP.CD,gdp_total_usd,307576360584.992
SG,2014,NY.GDP.MKTP.CD,gdp_total_usd,314863580758.455
SG,2015,NY.GDP.MKTP.CD,gdp_total_usd,307998545269.398
SG,2016,NY.GDP.MKTP.CD,gdp_total_usd,319646468521.497
SG,2017,NY.GDP.MKTP.CD,gdp_total_usd,343673334902.33
SG,2018,NY.GDP.MKTP.CD,gdp_total_usd,377123710560.614
SG,2019,NY.GDP.MKTP.CD,gdp_total_usd,376161998830.048
SG,2020,NY.GDP.MKTP.CD,gdp_total_usd,349165858544.568
SG,2021,NY.GDP.MKTP.CD,gdp_total_usd,436591382250.464
SG,2022,NY.GDP.MKTP.CD,gdp_total_usd,509017841146.557
SG,2023,NY.GDP.MKTP.CD,gdp_total_usd,505439514078.019
SG,2024,NY.GDP.MKTP.CD,gdp_total_usd,547386645891.847
SG,2010,IT.NET.USER.ZS,internet_users_pct,71.0
SG,2011,IT.NET.USER.ZS,internet_users_pct,71.0
SG,2012,IT.NET.USER.ZS,internet_users_pct,72.0
SG,2013,IT.NET.USER.ZS,internet_users_pct,80.90209961
SG,2014,IT.NET.USER.ZS,internet_users_pct,79.0292358633435
SG,2015,IT.NET.USER.ZS,internet_users_pct,79.0129570025584
SG,2016,IT.NET.USER.ZS,internet_users_pct,84.4522678893074
SG,2017,IT.NET.USER.ZS,internet_users_pct,84.4522678893074
SG,2018,IT.NET.USER.ZS,internet_users_pct,88.1656360313447
SG,2019,IT.NET.USER.ZS,internet_users_pct,88.9492526850762
SG,2020,IT.NET.USER.ZS,internet_users_pct,92.00434653
SG,2021,IT.NET.USER.ZS,internet_users_pct,96.92468156
SG,2022,IT.NET.USER.ZS,internet_users_pct,95.95386476
SG,2023,IT.NET.USER.ZS,internet_users_pct,94.28518987
SG,2024,IT.NET.USER.ZS,internet_users_pct,94.37757178
SG,2010,IT.CEL.SETS.P2,mobile_subs_per_100,145.451637517643
SG,2011,IT.CEL.SETS.P2,mobile_subs_per_100,150.404101393239
SG,2012,IT.CEL.SETS.P2,mobile_subs_per_100,152.410387392459
SG,2013,IT.CEL.SETS.P2,mobile_subs_per_100,156.679270675737
SG,2014,IT.CEL.SETS.P2,mobile_subs_per_100,148.478352479892
SG,2015,IT.CEL.SETS.P2,mobile_subs_per_100,149.006215002154
SG,2016,IT.CEL.SETS.P2,mobile_subs_per_100,151.681717052742
SG,2017,IT.CEL.SETS.P2,mobile_subs_per_100,149.567868255938
SG,2018,IT.CEL.SETS.P2,mobile_subs_per_100,152.07381696158
SG,2019,IT.CEL.SETS.P2,mobile_subs_per_100,159.347378272364
SG,2020,IT.CEL.SETS.P2,mobile_subs_per_100,150.259334715266
SG,2021,IT.CEL.SETS.P2,mobile_subs_per_100,157.977675166643
SG,2022,IT.CEL.SETS.P2,mobile_subs_per_100,173.005291258141
SG,2023,IT.CEL.SETS.P2,mobile_subs_per_100,173.199932977376
SG,2024,IT.CEL.SETS.P2,mobile_subs_per_100,170.78256295407
SG,2010,SP.POP.TOTL,population_total,5076732.0
SG,2011,SP.POP.TOTL,population_total,5183688.0
SG,2012,SP.POP.TOTL,population_total,5312437.0
SG,2013,SP.POP.TOTL,population_total,5399162.0
SG,2014,SP.POP.TOTL,population_total,5469724.0
SG,2015,SP.POP.TOTL,population_total,5535002.0
SG,2016,SP.POP.TOTL,population_total,5607283.0
SG,2017,SP.POP.TOTL,population_total,5612253.0
SG,2018,SP.POP.TOTL,population_total,5638676.0
SG,2019,SP.POP.TOTL,population_total,5703569.0
SG,2020,SP.POP.TOTL,population_total,5685807.0
SG,2021,SP.POP.TOTL,population_total,5453566.0
SG,2022,SP.POP.TOTL,population_total,5637022.0
SG,2023,SP.POP.TOTL,population_total,5917648.0
SG,2024,SP.POP.TOTL,population_total,6036860.0
SG,2010,SP.URB.TOTL.IN.ZS,urban_population_pct,100.0
SG,2011,SP.URB.TOTL.IN.ZS,urban_population_pct,100.0
SG,2012,SP.URB.TOTL.IN.ZS,urban_population_pct,100.0
SG,2013,SP.URB.TOTL.IN.ZS,urban_population_pct,100.0
SG,2014,SP.URB.TOTL.IN.ZS,urban_population_pct,100.0
SG,2015,SP.URB.TOTL.IN.ZS,urban_population_pct,100.0
SG,2016,SP.URB.TOTL.IN.ZS,urban_population_pct,100.0
SG,2017,SP.URB.TOTL.IN.ZS,urban_population_pct,100.0
SG,2018,SP.URB.TOTL.IN.ZS,urban_population_pct,100.0
SG,2019,SP.URB.TOTL.IN.ZS,urban_population_pct,100.0
SG,2020,SP.URB.TOTL.IN.ZS,urban_population_pct,100.0
SG,2021,SP.URB.TOTL.IN.ZS,urban_population_pct,100.0
SG,2022,SP.URB.TOTL.IN.ZS,urban_population_pct,100.0
SG,2023,SP.URB.TOTL.IN.ZS,urban_population_pct,100.0
SG,2024,SP.URB.TOTL.IN.ZS,urban_population_pct,100.0
US,2011,FX.OWN.TOTL.ZS,account_ownership_pct_adult,87.9578658638029
US,2014,FX.OWN.TOTL.ZS,account_ownership_pct_adult,93.5838007921263
US,2017,FX.OWN.TOTL.ZS,account_ownership_pct_adult,93.1221843138765
US,2021,FX.OWN.TOTL.ZS,account_ownership_pct_adult,94.9532296473716
US,2024,FX.OWN.TOTL.ZS,account_ownership_pct_adult,97.0230983290589
US,2010,BX.KLT.DINV.WD.GD.ZS,fdi_inflow_pct_gdp,1.75453268550496
US,2011,BX.KLT.DINV.WD.GD.ZS,fdi_inflow_pct_gdp,1.68911277121237
US,2012,BX.KLT.DINV.WD.GD.ZS,fdi_inflow_pct_gdp,1.54020811932936
US,2013,BX.KLT.DINV.WD.GD.ZS,fdi_inflow_pct_gdp,1.71066753395925
US,2014,BX.KLT.DINV.WD.GD.ZS,fdi_inflow_pct_gdp,1.43502130688419
US,2015,BX.KLT.DINV.WD.GD.ZS,fdi_inflow_pct_gdp,2.80914762910409
US,2016,BX.KLT.DINV.WD.GD.ZS,fdi_inflow_pct_gdp,2.53749765919682
US,2017,BX.KLT.DINV.WD.GD.ZS,fdi_inflow_pct_gdp,1.95521086285051
US,2018,BX.KLT.DINV.WD.GD.ZS,fdi_inflow_pct_gdp,1.0457039920427
US,2019,BX.KLT.DINV.WD.GD.ZS,fdi_inflow_pct_gdp,1.47787452846554
US,2020,BX.KLT.DINV.WD.GD.ZS,fdi_inflow_pct_gdp,0.650821071352324
US,2021,BX.KLT.DINV.WD.GD.ZS,fdi_inflow_pct_gdp,2.04998648308338
US,2022,BX.KLT.DINV.WD.GD.ZS,fdi_inflow_pct_gdp,1.62816817042838
US,2023,BX.KLT.DINV.WD.GD.ZS,fdi_inflow_pct_gdp,1.32618252590589
US,2024,BX.KLT.DINV.WD.GD.ZS,fdi_inflow_pct_gdp,1.03321085618604
US,2010,NY.GDP.PCAP.CD,gdp_per_capita_usd,48642.6100179312
US,2011,NY.GDP.PCAP.CD,gdp_per_capita_usd,50024.868799398
US,2012,NY.GDP.PCAP.CD,gdp_per_capita_usd,51708.4011556577
US,2013,NY.GDP.PCAP.CD,gdp_per_capita_usd,53179.0127634561
US,2014,NY.GDP.PCAP.CD,gdp_per_capita_usd,54973.4207515712
US,2015,NY.GDP.PCAP.CD,gdp_per_capita_usd,56572.9188996063
US,2016,NY.GDP.PCAP.CD,gdp_per_capita_usd,57638.1018367192
US,2017,NY.GDP.PCAP.CD,gdp_per_capita_usd,59635.0984397965
US,2018,NY.GDP.PCAP.CD,gdp_per_capita_usd,62499.8744390068
US,2019,NY.GDP.PCAP.CD,gdp_per_capita_usd,64746.4506778863
US,2020,NY.GDP.PCAP.CD,gdp_per_capita_usd,63515.9491807833
US,2021,NY.GDP.PCAP.CD,gdp_per_capita_usd,70205.050916026
US,2022,NY.GDP.PCAP.CD,gdp_per_capita_usd,76657.2488844403
US,2023,NY.GDP.PCAP.CD,gdp_per_capita_usd,81032.262117545
US,2024,NY.GDP.PCAP.CD,gdp_per_capita_usd,84534.0407841548
US,2010,NY.GDP.MKTP.CD,gdp_total_usd,15048964444000.0
US,2011,NY.GDP.MKTP.CD,gdp_total_usd,15599728123000.0
US,2012,NY.GDP.MKTP.CD,gdp_total_usd,16253972230000.0
US,2013,NY.GDP.MKTP.CD,gdp_total_usd,16843190993000.0
US,2014,NY.GDP.MKTP.CD,gdp_total_usd,17550680174000.0
US,2015,NY.GDP.MKTP.CD,gdp_total_usd,18206020741000.0
US,2016,NY.GDP.MKTP.CD,gdp_total_usd,18695110842000.0
US,2017,NY.GDP.MKTP.CD,gdp_total_usd,19477336549000.0
US,2018,NY.GDP.MKTP.CD,gdp_total_usd,20533057312000.0
US,2019,NY.GDP.MKTP.CD,gdp_total_usd,21380976119000.0
US,2020,NY.GDP.MKTP.CD,gdp_total_usd,21060473613000.0
US,2021,NY.GDP.MKTP.CD,gdp_total_usd,23315080560000.0
US,2022,NY.GDP.MKTP.CD,gdp_total_usd,25604848907611.0
US,2023,NY.GDP.MKTP.CD,gdp_total_usd,27292170793214.4
US,2024,NY.GDP.MKTP.CD,gdp_total_usd,28750956130731.2
US,2010,IT.NET.USER.ZS,internet_users_pct,71.69
US,2011,IT.NET.USER.ZS,internet_users_pct,69.7294607619268
US,2012,IT.NET.USER.ZS,internet_users_pct,74.7
US,2013,IT.NET.USER.ZS,internet_users_pct,71.4
US,2014,IT.NET.USER.ZS,internet_users_pct,73.0
US,2015,IT.NET.USER.ZS,internet_users_pct,74.5542024462761
US,2016,IT.NET.USER.ZS,internet_users_pct,85.5444212887222
US,2017,IT.NET.USER.ZS,internet_users_pct,87.2748891687657
US,2018,IT.NET.USER.ZS,internet_users_pct,88.498903165152
US,2019,IT.NET.USER.ZS,internet_users_pct,89.4302848575712
US,2020,IT.NET.USER.ZS,internet_users_pct,90.34470367
US,2021,IT.NET.USER.ZS,internet_users_pct,91.2684021
US,2022,IT.NET.USER.ZS,internet_users_pct,92.72850037
US,2023,IT.NET.USER.ZS,internet_users_pct,93.52559662
US,2024,IT.NET.USER.ZS,internet_users_pct,94.69380188
US,2010,IT.CEL.SETS.P2,mobile_subs_per_100,91.6593077558393
US,2011,IT.CEL.SETS.P2,mobile_subs_per_100,94.682964660635
US,2012,IT.CEL.SETS.P2,mobile_subs_per_100,96.1284261999864
US,2013,IT.CEL.SETS.P2,mobile_subs_per_100,97.0595305732914
US,2014,IT.CEL.SETS.P2,mobile_subs_per_100,99.839569071329
US,2015,IT.CEL.SETS.P2,mobile_subs_per_100,101.831958781319
US,2016,IT.CEL.SETS.P2,mobile_subs_per_100,102.751864866695
US,2017,IT.CEL.SETS.P2,mobile_subs_per_100,102.380562632686
US,2018,IT.CEL.SETS.P2,mobile_subs_per_100,103.935307364
US,2019,IT.CEL.SETS.P2,mobile_subs_per_100,105.32074052965
US,2020,IT.CEL.SETS.P2,mobile_subs_per_100,103.855170008567
US,2021,IT.CEL.SETS.P2,mobile_subs_per_100,106.324514306135
US,2022,IT.CEL.SETS.P2,mobile_subs_per_100,108.785640656159
US,2023,IT.CEL.SETS.P2,mobile_subs_per_100,112.410910606372
US,2024,IT.CEL.SETS.P2,mobile_subs_per_100,113.190481805755
US,2010,SP.POP.TOTL,population_total,309378227.0
US,2011,SP.POP.TOTL,population_total,311839461.0
US,2012,SP.POP.TOTL,population_total,314339099.0
US,2013,SP.POP.TOTL,population_total,316726282.0
US,2014,SP.POP.TOTL,population_total,319257560.0
US,2015,SP.POP.TOTL,population_total,321815121.0
US,2016,SP.POP.TOTL,population_total,324353340.0
US,2017,SP.POP.TOTL,population_total,326608609.0
US,2018,SP.POP.TOTL,population_total,328529577.0
US,2019,SP.POP.TOTL,population_total,330226227.0
US,2020,SP.POP.TOTL,population_total,331577720.0
US,2021,SP.POP.TOTL,population_total,332099760.0
US,2022,SP.POP.TOTL,population_total,334017321.0
US,2023,SP.POP.TOTL,population_total,336806231.0
US,2024,SP.POP.TOTL,population_total,340110988.0
US,2010,SP.URB.TOTL.IN.ZS,urban_population_pct,80.6997744673366
US,2011,SP.URB.TOTL.IN.ZS,urban_population_pct,80.6957554256024
US,2012,SP.URB.TOTL.IN.ZS,urban_population_pct,80.6837493386238
US,2013,SP.URB.TOTL.IN.ZS,urban_population_pct,80.660889281215
US,2014,SP.URB.TOTL.IN.ZS,urban_population_pct,80.6242231779766
US,2015,SP.URB.TOTL.IN.ZS,urban_population_pct,80.5707989535091
US,2016,SP.URB.TOTL.IN.ZS,urban_population_pct,80.4976645324131
US,2017,SP.URB.TOTL.IN.ZS,urban_population_pct,80.4018678392891
US,2018,SP.URB.TOTL.IN.ZS,urban_population_pct,80.2804567987377
US,2019,SP.URB.TOTL.IN.ZS,urban_population_pct,80.1304793353594
US,2020,SP.URB.TOTL.IN.ZS,urban_population_pct,79.997451762548
US,2021,SP.URB.TOTL.IN.ZS,urban_population_pct,80.0074765140272
US,2022,SP.URB.TOTL.IN.ZS,urban_population_pct,80.0324978239707
US,2023,SP.URB.TOTL.IN.ZS,urban_population_pct,80.071561119178
US,2024,SP.URB.TOTL.IN.ZS,urban_population_pct,80.1247798047184
